CAR_SELL_NO,CAR_ID,CAR_SELL_EA,CAR_SELL_PRICE,CAR_SELL_DATE
1.0,P569221521,11,588951,2023-11-26
2.0,E439425680,8,742328,2023-08-18
3.0,V230132362,30,1554630,2023-08-08
4.0,Q766971885,26,908596,2023-01-10
5.0,A452880887,2,26234,2023-06-20
6.0,V976011513,4,353224,2023-12-20
7.0,B405089269,17,1631320,2023-02-25
8.0,U951547738,27,1615221,2023-08-25
9.0,I287499056,23,1974665,2023-05-16
10.0,B980619690,25,1521725,2023-10-05
11.0,Q753858224,23,2004841,2023-08-22
12.0,X889246355,28,1924468,2023-07-20
13.0,I856285533,29,2785160,2023-04-25
14.0,X131004086,1,59176,2023-02-15
15.0,C692656818,29,363283,2023-10-15
16.0,Z506577709,23,451743,2023-12-28
17.0,F480006937,14,1156106,2023-04-25
18.0,W215461434,26,2306746,2023-10-21
19.0,S513001278,15,971925,2023-12-03
20.0,Q186361741,26,1338948,2023-09-18
21.0,W976725699,14,973294,2023-07-08
22.0,Y182660926,15,935715,2023-01-08
23.0,W667463011,8,552904,2023-11-20
24.0,O458732744,21,1437324,2023-04-15
25.0,Z835518442,24,1603752,2023-11-13
26.0,P536025382,22,324478,2023-10-28
27.0,N392819870,9,858420,2023-05-13
28.0,C676921197,15,185265,2023-06-24
29.0,E455667323,15,540885,2023-04-07
30.0,C392903721,19,1847123,2023-11-14
31.0,C291173995,22,488224,2023-02-13
32.0,H905617007,14,1072568,2023-12-06
33.0,S720565277,23,1454543,2023-12-08
34.0,U828265421,24,1952520,2023-07-17
35.0,K648253971,24,2037072,2023-09-26
36.0,N335389271,11,1020305,2023-12-28
37.0,K956424091,18,459504,2023-12-19
38.0,H669884465,14,438312,2023-11-06
39.0,G440036261,15,960090,2023-03-16
40.0,H931881461,19,1522375,2023-04-06
41.0,Q794367626,30,1630680,2023-03-21
42.0,N101035737,16,1046544,2023-01-11
43.0,O985700236,18,1656378,2023-08-12
44.0,S668098910,5,92250,2023-05-01
45.0,I476126759,27,2310309,2023-11-20
46.0,E710199367,15,1384275,2023-10-21
47.0,R997976567,2,118652,2023-10-02
48.0,B211972168,1,69061,2023-07-07
49.0,D295292814,21,267372,2023-08-21
50.0,Z363405135,13,1274169,2023-12-13
51.0,V628891543,28,1352204,2023-11-25
52.0,H957734696,8,195776,2023-11-06
53.0,P993704205,22,541354,2023-09-20
54.0,B926164119,20,1733320,2023-04-26
55.0,X460676864,18,885582,2023-08-25
56.0,T394178361,17,294950,2023-04-13
57.0,U129684275,7,357504,2023-02-26
58.0,W177054398,4,389896,2023-02-15
59.0,T338673690,27,77841,2023-06-29
60.0,X592842496,28,1049076,2023-12-13
61.0,G683484616,9,297720,2023-08-12
62.0,A243637392,15,339120,2023-02-08
63.0,H870694072,6,131706,2023-09-01
64.0,T525001063,27,1758375,2023-06-09
65.0,V067743277,28,2773848,2023-03-24
66.0,G627197312,7,492688,2023-10-25
67.0,O271584345,4,385372,2023-05-09
68.0,U267427652,5,91860,2023-07-02
69.0,J430982474,18,580338,2023-07-06
70.0,N368048154,18,822888,2023-03-21
71.0,S207311845,2,189482,2023-12-09
72.0,N250087252,27,2119932,2023-02-05
73.0,K211857013,3,21000,2023-02-09
74.0,Y797907863,10,996560,2023-09-14
75.0,C484508960,1,26470,2023-03-04
76.0,W536888744,22,660946,2023-10-03
77.0,R488380566,22,799524,2023-07-05
78.0,W215461434,30,2661630,2023-10-13
79.0,G661171237,22,783662,2023-07-19
80.0,R685212970,21,116592,2023-09-10
81.0,G245179103,17,60180,2023-01-29
82.0,T394178361,2,34700,2023-02-25
83.0,S720565277,8,505928,2023-08-15
84.0,N979782390,17,1425348,2023-02-19
85.0,Q766971885,3,104838,2023-05-24
86.0,B084899113,28,889728,2023-10-03
87.0,N903170547,25,1482400,2023-06-04
88.0,L942555157,7,266609,2023-10-28
89.0,S289337206,4,274296,2023-01-03
90.0,O002990821,8,720872,2023-07-07
91.0,C087693814,7,261086,2023-04-02
92.0,H866453209,1,52499,2023-02-21
93.0,S894131414,8,612528,2023-11-25
94.0,C633404888,7,129332,2023-11-06
95.0,Z832300084,26,953186,2023-10-08
96.0,Q653675753,11,818301,2023-08-12
97.0,Y613538164,12,768108,2023-11-27
98.0,A296436032,24,658008,2023-05-22
99.0,D508647407,9,190206,2023-11-12
100.0,W890859975,2,110460,2023-12-07
101.0,M929043723,12,896568,2023-02-22
102.0,S729006635,5,364680,2023-03-01
103.0,N101035737,5,327045,2023-04-09
104.0,D825382288,4,240912,2023-09-26
105.0,R897366680,24,778224,2023-07-11
106.0,X731609153,26,1413568,2023-09-06
107.0,W483516717,11,681197,2023-09-04
108.0,Q142940321,24,2062920,2023-11-12
109.0,D082402764,5,434040,2023-02-20
110.0,Y342036938,24,2024352,2023-03-19
111.0,I977809955,18,861570,2023-01-11
112.0,X536101175,18,142416,2023-09-10
113.0,M848371534,18,1011438,2023-10-27
114.0,Q217424420,23,836027,2023-08-06
115.0,F704711829,19,1110835,2023-11-04
116.0,X880159119,12,956748,2023-02-12
117.0,O254429620,9,251172,2023-05-22
118.0,N588786186,29,2423385,2023-06-14
119.0,T058595213,1,69451,2023-01-06
120.0,H797052807,3,74229,2023-05-22
121.0,U407582858,13,1223313,2023-07-19
122.0,J463563068,13,599885,2023-12-22
123.0,X183085995,23,25967,2023-01-21
124.0,L555685191,11,704308,2023-01-26
125.0,D066878020,7,466837,2023-10-05
126.0,W319274254,19,1814975,2023-06-27
127.0,P818844560,4,102200,2023-04-23
128.0,H669884465,18,563544,2023-04-14
129.0,H797052807,18,445374,2023-07-09
130.0,V010582306,23,1714121,2023-03-20
131.0,B018346499,19,1888809,2023-10-17
132.0,A015230780,4,199320,2023-02-14
133.0,L485522619,30,1261140,2023-01-12
134.0,P511871292,1,70431,2023-09-17
135.0,E928878967,8,673736,2023-05-03
136.0,H433423845,23,126937,2023-09-30
137.0,Q217424420,24,872376,2023-12-10
138.0,E288965213,9,119340,2023-11-11
139.0,Y182660926,11,686191,2023-11-01
140.0,C380984978,6,236622,2023-10-12
141.0,Q143926023,3,55431,2023-05-13
142.0,K432300765,23,190578,2023-09-03
143.0,U750243814,16,1411072,2023-03-09
144.0,F012873004,20,186240,2023-08-11
145.0,S466601896,3,136119,2023-03-12
146.0,P314703686,11,346478,2023-01-01
147.0,H870694072,13,285363,2023-08-25
148.0,A723048111,28,940100,2023-11-24
149.0,B025758068,25,1905950,2023-06-28
150.0,D842722205,28,1536332,2023-06-19
151.0,M425445185,13,645593,2023-04-15
152.0,S027552319,10,457470,2023-07-18
153.0,W426789524,6,257142,2023-07-17
154.0,F233952928,13,1195818,2023-08-12
155.0,N674133834,30,1215240,2023-11-28
156.0,U750243814,20,1763840,2023-09-05
157.0,F510555806,22,595122,2023-05-15
158.0,K912404783,23,767809,2023-10-05
159.0,L776796466,2,51134,2023-12-01
160.0,U741951707,21,1534155,2023-11-29
161.0,Y692860867,21,1597869,2023-04-02
162.0,L132949567,29,1378689,2023-06-18
163.0,O892921644,18,130428,2023-12-18
164.0,V982691755,6,15810,2023-12-25
165.0,V628891543,25,1207325,2023-03-24
166.0,Z742478223,10,11230,2023-11-12
167.0,A228947734,23,1287195,2023-01-22
168.0,F983336578,25,2429725,2023-06-18
169.0,P818844560,8,204400,2023-04-18
170.0,I902190783,1,97299,2023-06-27
171.0,Q955787248,28,921788,2023-05-15
172.0,O663336224,29,1228237,2023-02-10
173.0,D697293609,12,272256,2023-07-30
174.0,N588786186,8,668520,2023-10-09
175.0,T439170559,15,542790,2023-07-14
176.0,I142706049,23,1433222,2023-08-05
177.0,K863150356,13,485797,2023-06-07
178.0,V345497468,6,480918,2023-10-01
179.0,Y613538164,18,1152162,2023-07-18
180.0,H194276166,25,2472500,2023-11-26
181.0,M594687357,6,535710,2023-01-22
182.0,M943487957,27,2619459,2023-12-27
183.0,P511871292,4,281724,2023-11-01
184.0,W889091680,26,468104,2023-09-11
185.0,S289337206,19,1302906,2023-12-05
186.0,Q979647062,10,231230,2023-06-16
187.0,U811815132,24,777720,2023-10-10
188.0,P536025382,22,324478,2023-06-01
189.0,K157947778,10,989230,2023-08-11
190.0,H870694072,19,417069,2023-12-06
191.0,W706567633,17,324955,2023-08-18
192.0,D082402764,15,1302120,2023-11-26
193.0,A183314876,17,1341640,2023-12-24
194.0,A775272526,26,301808,2023-11-22
195.0,C087693814,29,1081642,2023-08-05
196.0,C486762080,6,517440,2023-06-23
197.0,E054956624,12,558624,2023-12-05
198.0,W801761065,18,1582542,2023-07-22
199.0,W252106239,23,1813757,2023-04-30
200.0,I000309561,11,769901,2023-01-24
201.0,S414961513,19,694716,2023-11-14
202.0,P314703686,25,787450,2023-09-19
203.0,N392819870,17,1621460,2023-04-03
204.0,N975393626,29,987247,2023-02-02
205.0,G265673900,3,47697,2023-04-12
206.0,Y510598413,6,410166,2023-10-10
207.0,A838680227,21,879396,2023-12-10
208.0,S493682362,11,375111,2023-06-30
209.0,R006393132,4,330548,2023-01-21
210.0,V115176557,3,256515,2023-11-20
211.0,G661171237,14,498694,2023-01-12
212.0,J456097220,16,538240,2023-04-16
213.0,K526395923,22,1276088,2023-10-10
214.0,L976488757,4,224896,2023-08-03
215.0,K060441678,12,825876,2023-01-24
216.0,W747843191,10,290960,2023-11-04
217.0,D243680166,29,2467610,2023-01-07
218.0,V713206780,25,880925,2023-06-29
219.0,S795721496,10,550800,2023-07-26
220.0,E928878967,25,2105425,2023-03-29
221.0,L297770115,12,19020,2023-01-25
222.0,W349969931,20,524880,2023-09-18
223.0,W516605514,4,219840,2023-05-04
224.0,N948004508,17,1393065,2023-08-15
225.0,S082335241,4,307552,2023-08-29
226.0,Z793212332,28,939316,2023-01-04
227.0,E599401013,12,969600,2023-03-12
228.0,K496502540,10,990880,2023-11-29
229.0,L320696214,18,811350,2023-07-10
230.0,T058595213,2,138902,2023-02-17
231.0,R006393132,30,2479110,2023-10-29
232.0,W976944973,27,885168,2023-11-22
233.0,L463133351,5,47185,2023-01-13
234.0,F524136742,18,336690,2023-10-12
235.0,G295849836,26,1205620,2023-01-22
236.0,C502625116,8,317824,2023-01-08
237.0,B084899113,9,285984,2023-03-02
238.0,L708776341,15,304740,2023-01-06
239.0,Q979647062,29,670567,2023-06-03
240.0,H645206822,17,1104864,2023-12-16
241.0,P942578899,3,213765,2023-06-22
242.0,Y937472721,2,51364,2023-05-15
243.0,E262575359,26,884494,2023-07-17
244.0,F173852994,7,672077,2023-01-23
245.0,H874491629,16,1118080,2023-12-04
246.0,Y003939970,13,887640,2023-10-07
247.0,O663336224,14,592942,2023-11-21
248.0,D064426196,13,816140,2023-11-27
249.0,H237881012,26,1528514,2023-12-23
250.0,X754687395,16,1396448,2023-07-03
251.0,E286975003,17,1037952,2023-01-09
252.0,V287280216,10,664280,2023-01-11
253.0,U793064742,9,867402,2023-10-24
254.0,M594687357,20,1785700,2023-04-14
255.0,J853207340,16,976400,2023-09-28
256.0,K496502540,14,1387232,2023-09-24
257.0,P758063670,16,1427392,2023-01-06
258.0,C129010249,23,1516965,2023-07-01
259.0,H625764902,27,2600397,2023-11-08
260.0,Z117933754,16,257424,2023-02-20
261.0,V109431887,27,707265,2023-04-27
262.0,G821038534,10,764700,2023-02-18
263.0,C676921197,5,61755,2023-03-02
264.0,Z012094881,21,330183,2023-05-24
265.0,B863206560,1,3556,2023-01-24
266.0,Q045450506,24,1645008,2023-01-04
267.0,P635231862,25,1311725,2023-01-29
268.0,Z454157415,7,690977,2023-06-25
269.0,U801239842,21,1089144,2023-09-18
270.0,X880159119,5,398645,2023-10-18
271.0,H596256921,9,230607,2023-03-14
272.0,N357761145,10,743560,2023-03-24
273.0,J877656098,22,1966338,2023-04-22
274.0,B657607458,10,747300,2023-01-27
275.0,S336943901,23,887248,2023-09-16
276.0,F524136742,20,374100,2023-05-17
277.0,C010521463,24,744936,2023-04-19
278.0,P461233551,20,864440,2023-06-08
279.0,H956117274,8,555792,2023-08-09
280.0,O963740725,17,1542274,2023-04-06
281.0,B980619690,1,60869,2023-09-07
282.0,E054956624,24,1117248,2023-10-07
283.0,W016325087,10,423770,2023-05-11
284.0,F173852994,18,1728198,2023-05-21
285.0,W801761065,14,1230866,2023-11-05
286.0,B329912694,3,158205,2023-08-08
287.0,L625837335,23,111849,2023-06-11
288.0,M929043723,8,597712,2023-09-04
289.0,N575791329,9,789534,2023-05-06
290.0,B059047199,29,1987428,2023-07-09
291.0,E612715986,28,1339072,2023-10-13
292.0,O516198682,5,253360,2023-03-10
293.0,Y636652899,25,1217550,2023-12-17
294.0,A243637392,28,633024,2023-05-07
295.0,Z117933754,25,402225,2023-04-10
296.0,F657366749,29,1199150,2023-03-18
297.0,B254108403,4,345788,2023-03-05
298.0,X347177369,11,639584,2023-08-01
299.0,N490876449,6,451872,2023-01-01
300.0,W944536769,23,365079,2023-04-30
301.0,D329619475,24,199872,2023-01-13
302.0,F173403811,9,279396,2023-10-29
303.0,G820110350,9,747684,2023-11-29
304.0,E387952749,18,1236438,2023-11-23
305.0,J011162461,3,217341,2023-06-10
306.0,A825837067,26,1799096,2023-04-22
307.0,U496952703,3,83934,2023-01-26
308.0,W038984427,9,772821,2023-09-30
309.0,L213503697,15,605175,2023-03-05
310.0,Q794367626,6,326136,2023-05-09
311.0,V584082770,23,80247,2023-03-19
312.0,H931881461,30,2403750,2023-08-24
313.0,B251054713,26,1158586,2023-11-09
314.0,O002990821,27,2432943,2023-07-06
315.0,G988240777,22,1964798,2023-06-06
316.0,Y692860867,2,152178,2023-09-08
317.0,S155909356,20,179440,2023-03-01
318.0,Q009275024,12,1062456,2023-05-25
319.0,Z348789000,8,396072,2023-12-06
320.0,A595952402,2,159114,2023-03-07
321.0,P236689160,24,1164528,2023-08-14
322.0,Y944324666,7,626500,2023-11-12
323.0,F158695430,19,956688,2023-05-16
324.0,V245404749,29,2289289,2023-02-05
325.0,X488056880,27,604449,2023-05-25
326.0,W239757852,22,1090078,2023-09-18
327.0,W415476513,8,51072,2023-01-19
328.0,A731878913,5,399995,2023-08-05
329.0,Q112016639,30,936120,2023-04-22
330.0,N975393626,2,68086,2023-11-14
331.0,I506707088,4,46328,2023-01-02
332.0,E499740364,6,479310,2023-01-10
333.0,Z048319165,16,646160,2023-02-01
334.0,W801761065,21,1846299,2023-12-16
335.0,V602852900,4,367520,2023-09-20
336.0,C687774164,10,678470,2023-08-17
337.0,G822912920,30,2139060,2023-08-22
338.0,W280805842,5,199065,2023-09-01
339.0,R045212163,1,15789,2023-02-04
340.0,E439214140,22,1739254,2023-05-02
341.0,Q640027190,18,796806,2023-03-28
342.0,C122385066,28,2606100,2023-10-30
343.0,O787758959,17,1244145,2023-06-13
344.0,P797498994,4,264488,2023-02-13
345.0,T534927324,21,1075473,2023-12-29
346.0,U409952614,22,819764,2023-02-14
347.0,S426674954,28,799148,2023-06-23
348.0,C985836169,21,286062,2023-07-10
349.0,Z027365999,3,69108,2023-11-04
350.0,N330988361,13,77701,2023-04-12
351.0,H361190830,11,568469,2023-04-10
352.0,S390408908,1,18992,2023-07-25
353.0,U793064742,10,963780,2023-08-13
354.0,Q933955346,29,1736694,2023-09-04
355.0,W336315175,3,296385,2023-03-20
356.0,G822912920,5,356510,2023-02-17
357.0,S795721496,25,1377000,2023-09-18
358.0,X488056880,7,156709,2023-06-09
359.0,B970071055,22,1674112,2023-10-25
360.0,L535485122,25,565925,2023-10-26
361.0,R063315992,23,487715,2023-01-15
362.0,T629832223,6,277338,2023-09-16
363.0,C303397977,24,199992,2023-05-23
364.0,Y784340727,8,94984,2023-07-27
365.0,F704711829,12,701580,2023-08-28
366.0,V030398847,8,622992,2023-07-22
367.0,J848860027,9,437526,2023-11-22
368.0,P641482926,30,1613130,2023-07-08
369.0,H956117274,23,1597902,2023-02-05
370.0,H850272407,21,1070181,2023-04-01
371.0,W681083986,28,2355472,2023-03-11
372.0,Z917939740,15,891570,2023-02-09
373.0,F167425315,22,386562,2023-07-02
374.0,M848371534,28,1573348,2023-11-15
375.0,O958631113,10,387240,2023-01-08
376.0,N526060534,11,130482,2023-05-09
377.0,C504837061,19,1147695,2023-12-14
378.0,G930346104,4,148768,2023-12-26
379.0,Y692860867,8,608712,2023-11-18
380.0,K675118973,2,14132,2023-04-08
381.0,W976944973,5,163920,2023-02-08
382.0,W245969928,19,1153281,2023-09-28
383.0,N357761145,15,1115340,2023-10-27
384.0,C661008057,9,574461,2023-04-09
385.0,O513345910,25,696475,2023-12-08
386.0,K302758235,3,275076,2023-10-21
387.0,K675118973,12,84792,2023-12-27
388.0,I742402077,26,2027298,2023-04-04
389.0,O958631113,4,154896,2023-02-07
390.0,Y141924972,20,1305760,2023-06-03
391.0,L792975340,23,453445,2023-07-02
392.0,W481618149,6,125928,2023-06-20
393.0,Q753858224,21,1830507,2023-08-02
394.0,O271066400,24,891528,2023-07-26
395.0,B405089269,27,2590920,2023-04-19
396.0,N380701156,4,377368,2023-08-19
397.0,S255811793,6,74574,2023-04-09
398.0,C501309417,19,615163,2023-12-08
399.0,G263512451,22,1773552,2023-10-13
400.0,W915705828,15,950730,2023-09-21
401.0,G061880603,8,347992,2023-08-27
402.0,G555470524,30,1537320,2023-06-23
403.0,F173403811,8,248352,2023-06-26
404.0,N041606838,18,704808,2023-03-14
405.0,D104907146,27,449847,2023-11-11
406.0,Z298650762,19,145711,2023-04-05
407.0,E612715986,8,382592,2023-04-19
408.0,T037773970,26,129506,2023-10-11
409.0,V287280216,22,1461416,2023-11-02
410.0,C278445126,25,2291900,2023-10-19
411.0,H625764902,18,1733598,2023-11-22
412.0,R599842961,11,442134,2023-12-22
413.0,B863206560,11,39116,2023-11-14
414.0,M354903096,30,303420,2023-07-22
415.0,U480695741,10,359990,2023-08-18
416.0,T186807809,9,360675,2023-03-09
417.0,N588786186,7,584955,2023-03-01
418.0,P236689160,17,824874,2023-06-29
419.0,A503624634,22,446710,2023-12-05
420.0,P897836561,22,1581888,2023-08-16
421.0,Y531854286,2,180812,2023-05-18
422.0,Z348789000,6,297054,2023-03-21
423.0,V067743277,3,297198,2023-04-16
424.0,P599487816,1,26582,2023-08-24
425.0,K525466793,10,994380,2023-03-02
426.0,T343341005,3,257583,2023-06-21
427.0,Q707393868,5,350285,2023-09-08
428.0,R997976567,22,1305172,2023-11-02
429.0,J084575704,14,1389808,2023-12-07
430.0,L297770115,26,41210,2023-12-06
431.0,J848860027,13,631982,2023-04-14
432.0,B983913043,30,1980630,2023-09-07
433.0,B089717170,12,594372,2023-07-10
434.0,V549103886,10,664060,2023-05-22
435.0,J430982474,6,193446,2023-12-15
436.0,E962969762,8,390416,2023-06-22
437.0,H235118214,25,1452025,2023-04-16
438.0,S806187736,29,2334268,2023-06-25
439.0,E018566127,7,371875,2023-03-25
440.0,R157835570,21,1536129,2023-05-23
441.0,A731878913,24,1919976,2023-08-13
442.0,R897366680,29,940354,2023-01-23
443.0,W706622358,23,1532145,2023-08-28
444.0,J195103144,12,1065348,2023-05-20
445.0,Y531854286,3,271218,2023-12-08
446.0,I860476817,20,1409580,2023-06-27
447.0,E710199367,22,2030270,2023-09-02
448.0,I073196826,17,248761,2023-10-23
449.0,X581279438,29,2149045,2023-01-14
450.0,Y977661223,1,76403,2023-09-27
451.0,F664920040,4,362280,2023-06-28
452.0,S864116125,17,426785,2023-03-12
453.0,U407582858,1,94101,2023-07-15
454.0,P222000440,2,45390,2023-02-08
455.0,J084575704,15,1489080,2023-06-14
456.0,W801761065,16,1406704,2023-03-29
457.0,G055573166,5,174150,2023-09-07
458.0,K470892417,4,68208,2023-03-15
459.0,X007877659,9,93537,2023-08-01
460.0,D825382288,14,843192,2023-09-13
461.0,Q640027190,4,177068,2023-11-04
462.0,X612165920,25,110150,2023-10-01
463.0,U846505376,12,208704,2023-07-23
464.0,P631023343,27,34884,2023-04-20
465.0,W419312518,28,1716456,2023-06-24
466.0,W890859975,20,1104600,2023-05-23
467.0,F767371153,3,245661,2023-12-05
468.0,A825837067,4,276784,2023-02-13
469.0,Y531854286,28,2531368,2023-08-16
470.0,T273879949,28,1133832,2023-03-15
471.0,G324648022,23,1633023,2023-04-08
472.0,O434938265,18,485784,2023-07-04
473.0,Q794367626,24,1304544,2023-09-14
474.0,B777474272,24,1343928,2023-03-25
475.0,S027552319,30,1372410,2023-11-17
476.0,G263512451,10,806160,2023-05-06
477.0,B289673893,19,990641,2023-01-09
478.0,J853207340,11,671275,2023-07-09
479.0,C647998314,6,503610,2023-08-23
480.0,X612165920,11,48466,2023-04-29
481.0,L144390657,30,1245930,2023-12-08
482.0,G123356987,28,994672,2023-11-06
483.0,T302157461,8,274552,2023-07-02
484.0,W801761065,17,1494623,2023-10-08
485.0,Y937472721,15,385230,2023-02-26
486.0,W516605514,9,494640,2023-05-22
487.0,D566525219,29,1573714,2023-10-01
488.0,Z488013552,3,95259,2023-06-16
489.0,X131735671,2,72054,2023-10-07
490.0,O630529849,10,998960,2023-12-05
491.0,Z900456153,19,1090581,2023-05-14
492.0,F650068521,15,614520,2023-05-08
493.0,L479407622,11,266002,2023-12-28
494.0,N883254755,25,2381450,2023-11-18
495.0,C804462955,8,643816,2023-03-30
496.0,N147457289,18,1002528,2023-04-13
497.0,X963788906,23,1893659,2023-11-13
498.0,L463133351,4,37748,2023-10-06
499.0,M059209480,22,1592206,2023-11-05
500.0,W825671125,19,665076,2022-04-25
501.0,G055573166,27,940410,2022-09-24
502.0,L485522619,17,714646,2022-06-03
503.0,V091858224,19,261022,2022-06-15
504.0,O684748006,2,81672,2022-03-11
505.0,Y087442545,21,1886850,2022-07-29
506.0,M349682280,9,808119,2022-08-02
507.0,I073196826,15,219495,2022-11-21
508.0,S390408908,4,75968,2022-10-21
509.0,P752852630,25,409275,2022-04-16
510.0,D825382288,5,301140,2022-03-08
511.0,K824575389,27,1533249,2022-06-23
512.0,G306245598,21,1950354,2022-12-22
513.0,K963308401,13,939523,2022-01-27
514.0,L597122875,22,1956768,2022-10-17
515.0,W889091680,11,198044,2022-03-28
516.0,C122385066,21,1954575,2022-09-04
517.0,K941882496,9,268695,2022-05-19
518.0,E599401013,28,2262400,2022-01-08
519.0,P672953430,2,13260,2022-05-21
520.0,R882412954,18,750168,2022-10-29
521.0,R599842961,19,763686,2022-06-14
522.0,G901807390,25,2197900,2022-05-20
523.0,E619219917,7,196959,2022-03-28
524.0,B053739247,12,478164,2022-11-28
525.0,A382490538,10,669380,2022-04-19
526.0,Q554464601,28,626136,2022-03-17
527.0,W038984427,3,257607,2022-07-08
528.0,Z936649926,13,1161680,2022-10-03
529.0,R549345070,6,165078,2022-12-23
530.0,B607537518,6,447042,2022-07-08
531.0,V680613595,27,1780299,2022-04-24
532.0,E499740364,9,718965,2022-07-07
533.0,Y141924972,13,848744,2022-09-01
534.0,R243342353,7,13538,2022-04-09
535.0,A010767385,1,15030,2022-05-06
536.0,B384903275,2,109542,2022-06-30
537.0,O482969425,8,330824,2022-04-01
538.0,Y169975239,9,73278,2022-01-19
539.0,S207311845,10,947410,2022-08-08
540.0,C264312257,20,1100920,2022-06-17
541.0,E033775266,29,2537906,2022-12-30
542.0,K941882496,21,626955,2022-02-12
543.0,A659737920,30,561180,2022-09-17
544.0,C824880525,4,60888,2022-07-11
545.0,U711736928,23,1856261,2022-02-27
546.0,H361190830,15,775185,2022-03-02
547.0,V010582306,11,819797,2022-03-13
548.0,S993709882,9,486999,2022-03-05
549.0,P391192927,7,492240,2022-03-25
550.0,G163009033,24,1781760,2022-02-15
551.0,F012873004,10,93120,2022-11-07
552.0,E084008933,2,120380,2022-11-14
553.0,N392819870,29,2766020,2022-11-21
554.0,A644157470,16,1083776,2022-02-11
555.0,B443820780,4,26200,2022-04-17
556.0,B053739247,19,757093,2022-01-03
557.0,J717523165,12,803424,2022-01-03
558.0,P598605230,25,2144850,2022-01-02
559.0,L527089852,19,1443677,2022-11-12
560.0,W890859975,6,331380,2022-02-11
561.0,T395317199,1,7883,2022-05-19
562.0,F895991476,6,382506,2022-10-16
563.0,K967283819,10,207840,2022-08-01
564.0,S993709882,20,1082220,2022-05-03
565.0,K824575389,10,567870,2022-03-06
566.0,X963788906,18,1481994,2022-04-28
567.0,E439214140,23,1818311,2022-12-24
568.0,J084575704,22,2183984,2022-02-27
569.0,R344978972,26,2409264,2022-07-24
570.0,P224250726,5,434975,2022-06-28
571.0,L065474930,28,1101884,2022-07-22
572.0,P223050040,30,140760,2022-06-19
573.0,P569221521,14,749574,2022-12-23
574.0,O903560195,4,222868,2022-06-13
575.0,I287499056,22,1888810,2022-01-30
576.0,J195103144,4,355116,2022-07-14
577.0,R538283140,16,201680,2022-12-19
578.0,S289337206,13,891462,2022-03-19
579.0,H014938554,10,769000,2022-10-29
580.0,P752852630,19,311049,2022-11-12
581.0,J289932404,15,587430,2022-12-12
582.0,X460676864,3,147597,2022-08-02
583.0,S513001278,29,1879055,2022-09-07
584.0,B368741407,15,1434585,2022-11-17
585.0,G263512451,3,241848,2022-11-02
586.0,E710199367,5,461425,2022-06-27
587.0,B482485011,28,255864,2022-08-04
588.0,V584082770,16,55824,2022-08-08
589.0,W036837189,2,10894,2022-08-05
590.0,S493682362,14,477414,2022-08-26
591.0,H529868855,26,2480062,2022-03-13
592.0,D697293609,23,521824,2022-06-14
593.0,S466601896,7,317611,2022-08-14
594.0,V466222140,10,722920,2022-04-17
595.0,L043854502,29,2101224,2022-08-08
596.0,O482969425,18,744354,2022-11-03
597.0,W648466726,19,1770743,2022-09-28
598.0,F033364800,14,171668,2022-10-20
599.0,P829129866,10,984910,2022-02-28
600.0,G679706104,17,585259,2022-11-01
601.0,E650113547,8,381864,2022-01-18
602.0,Z835518442,1,66823,2022-02-24
603.0,B340451218,2,23910,2022-08-03
604.0,H235118214,5,290405,2022-02-10
605.0,E212325485,21,1636908,2022-03-29
606.0,Z900456153,10,573990,2022-05-28
607.0,G123356987,1,35524,2022-05-16
608.0,W481618149,12,251856,2022-03-25
609.0,T338673690,4,11532,2022-04-13
610.0,B547320719,15,276735,2022-06-20
611.0,T653263418,24,1118736,2022-05-14
612.0,Z793212332,25,838675,2022-05-06
613.0,P829129866,7,689437,2022-05-28
614.0,O126363356,2,27046,2022-05-22
615.0,X592842496,18,674406,2022-12-30
616.0,G328694289,16,816976,2022-08-30
617.0,F054769969,7,397040,2022-03-15
618.0,Q694083292,4,351620,2022-08-13
619.0,Q143926023,22,406494,2022-08-11
620.0,X581279438,3,222315,2022-09-22
621.0,Q640027190,25,1106675,2022-11-19
622.0,G791421681,14,1213744,2022-03-02
623.0,O106473515,20,365680,2022-06-12
624.0,Y087442545,8,718800,2022-08-26
625.0,P264867520,28,867440,2022-03-29
626.0,Z545966983,23,1465491,2022-03-11
627.0,H529868855,15,1430805,2022-06-03
628.0,E018566127,21,1115625,2022-06-23
629.0,S426674954,4,114164,2022-11-21
630.0,K157947778,21,2077383,2022-05-03
631.0,L826260140,9,259461,2022-04-25
632.0,H157917992,5,403835,2022-01-10
633.0,N909404119,3,140862,2022-04-17
634.0,M107246804,7,135366,2022-03-13
635.0,G820110350,21,1744596,2022-09-16
636.0,O903560195,2,111434,2022-08-10
637.0,T616019194,17,337042,2022-01-19
638.0,O109792584,6,520920,2022-08-29
639.0,V145978884,17,254881,2022-10-09
640.0,F377737243,4,234008,2022-09-21
641.0,T017774655,13,998296,2022-08-18
642.0,F054769969,25,1418000,2022-03-01
643.0,U407582858,13,1223313,2022-05-10
644.0,R838650702,13,128427,2022-07-24
645.0,I000309561,18,1259838,2022-09-10
646.0,M336560053,22,1734810,2022-05-03
647.0,W801761065,12,1055028,2022-03-27
648.0,H433910994,1,80166,2022-05-16
649.0,Q794367626,11,597916,2022-05-15
650.0,K863150356,29,1083701,2022-01-16
651.0,Z647822266,26,1277874,2022-10-23
652.0,K776229452,29,1761866,2022-09-27
653.0,L899573153,12,1104924,2022-01-16
654.0,S717373067,27,788130,2022-04-04
655.0,Q707393868,24,1681368,2022-07-01
656.0,L297770115,24,38040,2022-12-11
657.0,J853207340,16,976400,2022-05-26
658.0,L463133351,4,37748,2022-03-07
659.0,S013501024,1,2125,2022-12-02
660.0,J239240302,27,2511081,2022-05-05
661.0,Q172783216,22,614350,2022-05-09
662.0,X841782720,22,2035770,2022-03-06
663.0,H669884465,21,657468,2022-10-10
664.0,J791418503,27,1467801,2022-07-06
665.0,H220824678,21,1710282,2022-10-14
666.0,Y141924972,6,391728,2022-10-24
667.0,X696305223,9,791073,2022-06-26
668.0,Y977661223,2,152806,2022-08-21
669.0,X592842496,16,599472,2022-03-25
670.0,Y921904065,9,809298,2022-09-03
671.0,C375200856,15,490290,2022-12-26
672.0,F335789993,10,471150,2022-12-22
673.0,C129010249,22,1451010,2022-09-21
674.0,O517540077,20,543540,2022-07-10
675.0,C484508960,7,185290,2022-12-21
676.0,A644157470,9,609624,2022-07-01
677.0,G930346104,15,557880,2022-09-16
678.0,B059047199,8,548256,2022-02-15
679.0,G930346104,6,223152,2022-12-15
680.0,Y613538164,1,64009,2022-09-09
681.0,Z156770438,16,44528,2022-05-02
682.0,O956865816,28,620480,2022-11-07
683.0,G163009033,2,148480,2022-12-03
684.0,R425867759,12,891216,2022-12-29
685.0,Y859429450,27,2168802,2022-03-03
686.0,Z012094881,3,47169,2022-12-29
687.0,Y983186627,30,2451660,2022-12-22
688.0,A296436032,18,493506,2022-11-23
689.0,L452429983,2,65812,2022-07-11
690.0,T007675122,25,2070050,2022-09-12
691.0,T857924674,21,567084,2022-01-29
692.0,U255290453,2,62810,2022-06-22
693.0,X478195768,17,671517,2022-09-18
694.0,V333586969,30,1559070,2022-05-16
695.0,G836049523,20,1207460,2022-08-18
696.0,V617712197,24,1434048,2022-10-24
697.0,B289673893,30,1564170,2022-06-13
698.0,I019914614,1,6188,2022-09-08
699.0,Y239462253,5,137590,2022-12-19
700.0,K776229452,20,1215080,2022-01-07
701.0,K526395923,17,986068,2022-09-19
702.0,W801761065,15,1318785,2022-01-23
703.0,V466222140,19,1373548,2022-11-03
704.0,T439170559,29,1049394,2022-07-02
705.0,W825671125,21,735084,2022-12-30
706.0,K648253971,30,2546340,2022-10-02
707.0,Q878145912,29,375956,2022-05-19
708.0,P388460254,24,2025672,2022-08-26
709.0,I287499056,2,171710,2022-01-05
710.0,F983336578,19,1846591,2022-11-05
711.0,S993709882,2,108222,2022-07-24
712.0,F728748380,3,167478,2022-07-21
713.0,V877337082,21,447384,2022-08-21
714.0,N903170547,8,474368,2022-02-08
715.0,L306953388,25,56800,2022-04-09
716.0,N357761145,23,1710188,2022-03-02
717.0,L625837335,19,92397,2022-10-09
718.0,O797079941,11,873301,2022-07-16
719.0,J018264501,27,946134,2022-01-26
720.0,S466601896,28,1270444,2022-09-21
721.0,P758063670,3,267636,2022-09-16
722.0,F694935149,13,644111,2022-03-25
723.0,C042489337,8,258088,2022-08-24
724.0,B674020968,15,1165200,2022-01-10
725.0,H496087259,10,74480,2022-01-05
726.0,W801761065,11,967109,2022-09-11
727.0,T653263418,6,279684,2022-08-22
728.0,A606895442,23,671623,2022-04-10
729.0,S173852567,14,1390718,2022-11-28
730.0,W976944973,17,557328,2022-02-18
731.0,F033364800,22,269764,2022-05-15
732.0,I042029649,2,180660,2022-02-24
733.0,F524136742,16,299280,2022-06-15
734.0,W627998236,22,1148488,2022-05-22
735.0,O154986055,28,2638524,2022-10-27
736.0,P511871292,12,845172,2022-10-15
737.0,W702123429,6,282240,2022-02-01
738.0,E612715986,25,1195600,2022-01-17
739.0,F457700505,8,183800,2022-10-10
740.0,B926164119,16,1386656,2022-04-21
741.0,G364907167,9,215865,2022-04-22
742.0,W280805842,2,79626,2022-05-16
743.0,X460676864,16,787184,2022-01-08
744.0,W319274254,30,2865750,2022-12-08
745.0,H645206822,15,974880,2022-02-09
746.0,B929855657,19,838508,2022-09-22
747.0,P626455908,3,50064,2022-11-12
748.0,W801761065,4,351676,2022-10-23
749.0,Q631063254,27,1941030,2022-09-29
750.0,J239240302,15,1395045,2022-10-16
751.0,H235118214,11,638891,2022-05-28
752.0,K426456728,28,2097172,2022-08-18
753.0,Y169975239,25,203550,2022-07-11
754.0,F573128915,11,344817,2022-05-08
755.0,Y067158542,12,62172,2022-05-01
756.0,J560658148,23,866157,2022-09-24
757.0,W706567633,12,229380,2022-10-28
758.0,N037783278,20,1742660,2022-09-15
759.0,P592625225,27,2021625,2022-11-28
760.0,G683484616,5,165400,2022-01-17
761.0,H557805714,13,958802,2022-11-16
762.0,P391192927,22,1547040,2022-08-29
763.0,U449146077,3,281349,2022-07-05
764.0,Z027365999,5,115180,2022-04-12
765.0,F341769064,1,96475,2022-05-20
766.0,G148747023,2,198612,2022-02-10
767.0,P940910126,25,2064025,2022-08-14
768.0,B855115307,28,690732,2022-06-22
769.0,U496952703,18,503604,2022-10-01
770.0,A606895442,11,321211,2022-10-18
771.0,Q405646356,28,2201584,2022-09-21
772.0,J522521405,23,1880756,2022-04-09
773.0,Y179243241,24,309216,2022-09-28
774.0,W319274254,14,1337350,2022-05-28
775.0,Y784340727,13,154349,2022-09-05
776.0,H957734696,23,562856,2022-08-11
777.0,Q872715442,20,742960,2022-01-09
778.0,W177054398,11,1072214,2022-10-08
779.0,B514121037,8,780536,2022-11-26
780.0,P511871292,15,1056465,2022-01-21
781.0,A503624634,22,446710,2022-07-18
782.0,M387720089,14,1367394,2022-10-15
783.0,U989032654,2,26822,2022-08-07
784.0,P044144927,8,53432,2022-04-01
785.0,V050397298,26,2357940,2022-11-05
786.0,B547320719,24,442776,2022-10-20
787.0,B089717170,22,1089682,2022-11-11
788.0,C809725832,29,2555480,2022-07-13
789.0,T856630757,27,133245,2022-03-01
790.0,W512602413,9,617814,2022-12-02
791.0,E599401013,1,80800,2022-06-21
792.0,L066680040,18,834858,2022-10-11
793.0,R599842961,22,884268,2022-02-13
794.0,R588450315,29,355540,2022-02-27
795.0,I006383636,18,278226,2022-02-16
796.0,O777554985,17,1425348,2022-03-01
797.0,O271066400,2,74294,2022-07-13
798.0,F510555806,6,162306,2022-08-02
799.0,X678961074,7,46368,2022-06-06
800.0,S513001278,10,647950,2022-05-15
801.0,Y169975239,16,130272,2022-07-13
802.0,V549103886,5,332030,2022-06-11
803.0,R157835570,23,1682427,2022-12-22
804.0,E150444475,26,2334358,2022-05-08
805.0,P494002797,17,1376779,2022-04-27
806.0,N064978122,11,436304,2022-04-20
807.0,K776229452,27,1640358,2022-11-21
808.0,F318267263,16,926624,2022-02-17
809.0,G768792448,29,401360,2022-01-05
810.0,R308840841,22,1747284,2022-07-12
811.0,Q766971885,23,803758,2022-11-13
812.0,M926037407,16,496016,2022-06-15
813.0,O482969425,27,1116531,2022-03-09
814.0,H432363561,19,211223,2022-05-11
815.0,J699515866,18,1514988,2022-11-07
816.0,M107246804,1,19338,2022-07-15
817.0,U195532449,27,2491452,2022-03-08
818.0,P511871292,7,493017,2022-11-22
819.0,K525466793,7,696066,2022-11-23
820.0,V010582306,1,74527,2022-02-08
821.0,D953245086,3,76470,2022-02-11
822.0,L527089852,15,1139745,2022-12-30
823.0,H874491629,1,69880,2022-10-11
824.0,L297770115,25,39625,2022-07-10
825.0,V245404749,17,1341997,2022-05-11
826.0,C375200856,16,522976,2022-02-12
827.0,Z545966983,27,1720359,2022-02-21
828.0,R145944006,28,43932,2022-10-20
829.0,X775257222,14,405846,2022-06-07
830.0,F817772523,10,20990,2022-11-09
831.0,Q405646356,11,864908,2022-07-17
832.0,E084008933,11,662090,2022-01-16
833.0,R479335556,17,82943,2022-02-20
834.0,D035741442,12,1087500,2022-05-15
835.0,P672953430,15,99450,2022-11-20
836.0,R882412954,8,333408,2022-08-16
837.0,S513001278,4,259180,2022-07-28
838.0,Z012094881,3,47169,2022-03-24
839.0,J084575704,28,2779616,2022-02-18
840.0,F490375577,8,709888,2022-09-30
841.0,P070368244,15,1452885,2022-03-16
842.0,O002990821,15,1351635,2022-07-15
843.0,T256482670,12,488004,2022-03-30
844.0,G328694289,22,1123342,2022-08-09
845.0,Z221263507,20,298560,2022-04-26
846.0,K098038286,4,26012,2022-12-06
847.0,F032211073,25,603200,2022-08-11
848.0,R588450315,26,318760,2022-12-25
849.0,O963740725,22,1995884,2022-03-09
850.0,G988240777,13,1161017,2022-03-14
851.0,S155909356,14,125608,2022-08-08
852.0,X131735671,27,972729,2022-05-30
853.0,J791418503,14,761082,2022-11-28
854.0,H645206822,2,129984,2022-11-04
855.0,W966855150,19,1108821,2022-09-09
856.0,L535485122,12,271644,2022-05-14
857.0,P511871292,2,140862,2022-04-22
858.0,Y692860867,14,1065246,2022-10-24
859.0,F728748380,7,390782,2022-03-01
860.0,K675118973,18,127188,2022-01-07
861.0,O271066400,1,37147,2022-03-25
862.0,E286975003,23,1404288,2022-01-06
863.0,Q979647062,19,439337,2022-04-30
864.0,P626455908,6,100128,2022-04-14
865.0,F657366749,6,248100,2022-06-19
866.0,G142738053,29,1689917,2022-10-13
867.0,Y641628884,26,2072694,2022-10-29
868.0,V053300636,6,329892,2022-04-15
869.0,I820340673,22,265430,2022-02-01
870.0,H870694072,30,658530,2022-10-28
871.0,V053300636,21,1154622,2022-09-22
872.0,Z793212332,24,805128,2022-08-25
873.0,L424845602,22,859848,2022-11-13
874.0,L132949567,20,950820,2022-05-05
875.0,R063315992,3,63615,2022-12-18
876.0,K768066628,17,185946,2022-06-11
877.0,K984183351,23,1454819,2022-09-22
878.0,L708776341,22,446952,2022-12-09
879.0,G836049523,5,301865,2022-12-23
880.0,H557805714,18,1327572,2022-09-20
881.0,B089717170,13,643903,2022-09-20
882.0,Y141924972,7,457016,2022-11-23
883.0,X131004086,22,1301872,2022-04-09
884.0,T538134172,2,72866,2022-08-05
885.0,I391633410,15,739995,2022-08-29
886.0,N037783278,28,2439724,2022-03-14
887.0,D348188468,20,317900,2022-03-17
888.0,R943562673,6,210282,2022-01-16
889.0,N315432207,20,1616440,2022-09-21
890.0,D695678553,16,1393216,2022-08-03
891.0,E701115984,30,2253240,2022-11-05
892.0,U602075933,9,643851,2022-01-05
893.0,E212325485,3,233844,2022-05-15
894.0,Z363405135,22,2156286,2022-10-11
895.0,B198396987,13,480051,2022-09-18
896.0,Z506577709,3,58923,2022-06-12
897.0,X331394143,2,50186,2022-03-20
898.0,C809725832,30,2643600,2022-11-16
899.0,G362341523,14,162050,2022-05-03
900.0,Z545966983,9,573453,2022-05-01
901.0,L452429983,19,625214,2022-01-29
902.0,A644157470,3,203208,2022-03-09
903.0,O482969425,5,206765,2022-05-14
904.0,J487303391,28,560616,2022-11-20
905.0,L625837335,9,43767,2022-09-13
906.0,K525466793,13,1292694,2022-12-12
907.0,N250087252,17,1334772,2022-04-22
908.0,Q429923717,1,66427,2022-02-24
909.0,J815969329,28,2086700,2022-11-30
910.0,B368741407,26,2486614,2022-01-05
911.0,Z493585005,9,701460,2022-12-22
912.0,D348188468,5,79475,2022-10-15
913.0,Q009275024,28,2479064,2022-11-16
914.0,C647998314,21,1762635,2022-01-17
915.0,I000309561,26,1819766,2022-03-01
916.0,F817772523,13,27287,2022-02-02
917.0,G245179103,3,10620,2022-06-08
918.0,V087840460,1,86579,2022-05-29
919.0,F473905391,5,477470,2022-04-23
920.0,P623048563,10,908090,2022-04-12
921.0,T653263418,29,1351806,2022-10-22
922.0,Z917939740,28,1664264,2022-12-21
923.0,H557805714,11,811294,2022-11-16
924.0,Z156770438,29,80707,2022-09-08
925.0,Q753858224,25,2179175,2022-12-28
926.0,V649487358,14,1030484,2022-03-17
927.0,B059047199,9,616788,2022-04-21
928.0,L535485122,14,316918,2022-07-15
929.0,B025758068,20,1524760,2022-06-29
930.0,F573128915,28,877716,2022-02-05
931.0,J584027212,6,284796,2022-01-09
932.0,L899573153,2,184154,2022-06-15
933.0,O963740725,17,1542274,2022-10-30
934.0,W036837189,27,147069,2022-01-03
935.0,F473905391,25,2387350,2022-07-08
936.0,F318267263,12,694968,2022-04-14
937.0,J487303391,30,600660,2022-10-11
938.0,T007675122,19,1573238,2022-05-22
939.0,H905617007,6,459672,2022-01-07
940.0,E150444475,25,2244575,2022-01-02
941.0,H287279513,18,1407546,2022-03-09
942.0,X111172529,8,269032,2022-03-22
943.0,V642001892,9,893277,2022-11-15
944.0,L065474930,16,629648,2022-10-04
945.0,F895991476,30,1912530,2022-08-06
946.0,W516605514,30,1648800,2022-12-25
947.0,H797052807,23,569089,2022-05-14
948.0,Q112016639,24,748896,2022-12-18
949.0,C647821765,10,843500,2022-04-15
950.0,C502625116,10,397280,2022-03-26
951.0,U951547738,5,299115,2022-09-14
952.0,J584027212,7,332262,2022-04-25
953.0,M107246804,6,116028,2022-05-24
954.0,D243680166,27,2297430,2022-01-24
955.0,P236689160,3,145566,2022-11-23
956.0,V013851683,11,823559,2022-09-01
957.0,F158695430,14,704928,2022-11-13
958.0,E928878967,10,842170,2022-12-27
959.0,H669884465,13,407004,2022-12-01
960.0,R839463235,23,154031,2022-02-03
961.0,Z454157415,1,98711,2022-12-11
962.0,F073599766,6,314886,2022-10-30
963.0,Q150056441,12,740484,2022-09-20
964.0,F650427154,23,1732199,2022-02-14
965.0,S204785497,26,609128,2022-02-11
966.0,T564991587,15,816990,2022-10-04
967.0,U255290453,9,282645,2022-10-24
968.0,P942578899,5,356275,2022-12-16
969.0,L065474930,24,944472,2022-01-20
970.0,U439819936,21,1005942,2022-09-01
971.0,N147457289,10,556960,2022-04-06
972.0,L424845602,15,586260,2022-02-12
973.0,P536025382,25,368725,2022-01-05
974.0,L178691740,24,1458408,2022-01-20
975.0,N343526889,13,544258,2022-02-13
976.0,T395317199,28,220724,2022-01-04
977.0,V813268456,20,581540,2022-12-16
978.0,P216361151,30,678030,2022-07-10
979.0,G142738053,4,233092,2022-01-09
980.0,B084899113,19,603744,2022-06-03
981.0,O109792584,17,1475940,2022-01-17
982.0,O271066400,24,891528,2022-07-27
983.0,B514121037,6,585402,2022-06-13
984.0,Z832300084,25,916525,2022-12-15
985.0,U288325031,30,2335470,2022-06-21
986.0,E150444475,10,897830,2022-12-25
987.0,H571457057,3,154419,2022-10-14
988.0,Z493585005,3,233820,2022-11-26
989.0,L440506770,7,243467,2022-07-20
990.0,J239240302,1,93003,2022-09-19
991.0,C894196951,28,2790788,2022-04-29
992.0,L636418777,9,792387,2022-09-18
993.0,K675118973,13,91858,2022-07-30
994.0,X547437075,12,26628,2022-08-11
995.0,R344978972,14,1297296,2022-04-27
996.0,O956865816,30,664800,2022-11-30
997.0,O450804669,12,463080,2022-02-18
998.0,L051140613,21,543900,2022-06-20
999.0,B443820780,4,26200,2022-04-24
1000.0,G661171237,30,1068630,2022-01-02
1001.0,R157835570,2,146298,2024-05-04
1002.0,G940289043,4,281048,2024-03-24
1003.0,K470892417,21,358092,2024-12-02
1004.0,V053300636,28,1539496,2024-03-10
1005.0,F173403811,19,589836,2024-07-02
1006.0,Y296258282,10,946000,2024-06-27
1007.0,D344923140,25,296400,2024-01-12
1008.0,W215461434,2,177442,2024-05-28
1009.0,Q374268086,25,1112750,2024-06-18
1010.0,I650102432,25,1757125,2024-08-21
1011.0,M387720089,14,1367394,2024-11-20
1012.0,F650068521,29,1188072,2024-08-27
1013.0,A228947734,9,503685,2024-09-29
1014.0,P044144927,15,100185,2024-08-24
1015.0,S426674954,5,142705,2024-04-16
1016.0,O450804669,18,694620,2024-12-12
1017.0,A468883603,9,460665,2024-06-20
1018.0,A503624634,6,121830,2024-07-21
1019.0,W851494912,30,1509600,2024-03-09
1020.0,I391633410,16,789328,2024-01-16
1021.0,P793665209,11,956439,2024-09-02
1022.0,T007675122,8,662416,2024-06-21
1023.0,V087840460,22,1904738,2024-11-08
1024.0,S864116125,26,652730,2024-07-12
1025.0,N588786186,9,752085,2024-07-27
1026.0,C676921197,1,12351,2024-04-23
1027.0,W398971070,28,2187416,2024-04-22
1028.0,H307902379,12,1117428,2024-12-05
1029.0,T017774655,9,691128,2024-01-09
1030.0,U124232076,26,1280838,2024-01-16
1031.0,B926164119,12,1039992,2024-08-18
1032.0,Z637397883,22,1951884,2024-04-03
1033.0,T538134172,8,291464,2024-06-13
1034.0,R145944006,28,43932,2024-07-16
1035.0,Y870917756,19,1814671,2024-08-24
1036.0,P897836561,13,934752,2024-07-10
1037.0,T338673690,14,40362,2024-07-09
1038.0,V091858224,4,54952,2024-06-21
1039.0,D136469511,2,188036,2024-01-24
1040.0,Q850678922,23,1884942,2024-03-20
1041.0,N259778916,10,99200,2024-04-18
1042.0,K964087101,1,92658,2024-04-14
1043.0,V013851683,17,1272773,2024-02-15
1044.0,E054956624,1,46552,2024-02-22
1045.0,U409952614,1,37262,2024-09-13
1046.0,E387952749,27,1854657,2024-07-18
1047.0,W681083986,7,588868,2024-09-17
1048.0,B443820780,8,52400,2024-08-18
1049.0,P942578899,18,1282590,2024-06-14
1050.0,G245179103,30,106200,2024-05-25
1051.0,G373221450,22,594946,2024-12-03
1052.0,W349969931,27,708588,2024-09-05
1053.0,W681083986,19,1598356,2024-08-22
1054.0,J791418503,19,1032897,2024-06-01
1055.0,N380701156,27,2547234,2024-05-09
1056.0,T070850555,22,1712766,2024-11-07
1057.0,S906740796,23,220547,2024-12-16
1058.0,F473905391,29,2769326,2024-10-04
1059.0,G163009033,2,148480,2024-07-27
1060.0,K044004460,14,895048,2024-10-23
1061.0,V245404749,9,710469,2024-10-22
1062.0,I287499056,22,1888810,2024-11-03
1063.0,X581279438,1,74105,2024-08-24
1064.0,K526395923,15,870060,2024-11-19
1065.0,P500381193,24,342240,2024-03-17
1066.0,S802255447,17,425323,2024-03-23
1067.0,Z544596065,10,351410,2024-04-20
1068.0,X447441237,10,655700,2024-02-06
1069.0,P591207427,6,348108,2024-11-17
1070.0,H557805714,7,516278,2024-04-21
1071.0,K526395923,14,812056,2024-05-24
1072.0,G399765948,1,93456,2024-08-20
1073.0,R176415300,8,627936,2024-05-14
1074.0,J834892150,15,1494075,2024-06-06
1075.0,X547437075,16,35504,2024-11-22
1076.0,Q150056441,10,617070,2024-11-12
1077.0,L065474930,7,275471,2024-11-11
1078.0,E755360650,20,844560,2024-11-16
1079.0,N975393626,9,306387,2024-09-17
1080.0,X447441237,29,1901530,2024-08-14
1081.0,R897366680,18,583668,2024-12-07
1082.0,L802028512,4,91272,2024-07-25
1083.0,M926037407,7,217007,2024-12-17
1084.0,G142738053,23,1340279,2024-06-19
1085.0,H125481266,17,167399,2024-07-14
1086.0,G440036261,10,640060,2024-06-23
1087.0,T050210133,14,69720,2024-12-06
1088.0,Y859429450,26,2088476,2024-06-22
1089.0,W973202434,20,991880,2024-01-27
1090.0,O448665958,27,763992,2024-11-10
1091.0,K967283819,16,332544,2024-08-13
1092.0,V087840460,15,1298685,2024-12-25
1093.0,C010521463,5,155195,2024-02-13
1094.0,G622737597,24,1070640,2024-11-27
1095.0,A243637392,13,293904,2024-12-24
1096.0,F167425315,17,298707,2024-08-28
1097.0,Q766971885,17,594082,2024-07-27
1098.0,M441192044,24,1523904,2024-08-08
1099.0,Z493585005,12,935280,2024-01-29
1100.0,N588786186,8,668520,2024-05-20
1101.0,C081665282,11,1089462,2024-04-23
1102.0,U330932532,5,355560,2024-03-07
1103.0,A644157470,1,67736,2024-09-23
1104.0,F239751988,2,97240,2024-02-08
1105.0,X581279438,13,963365,2024-01-05
1106.0,U711736928,2,161414,2024-01-20
1107.0,Z742478223,11,12353,2024-05-04
1108.0,Z298650762,28,214732,2024-01-13
1109.0,I249048847,17,186694,2024-01-20
1110.0,F582803310,22,1551176,2024-07-02
1111.0,X488056880,13,291031,2024-12-20
1112.0,V549103886,4,265624,2024-10-02
1113.0,W976944973,18,590112,2024-03-15
1114.0,T616019194,3,59478,2024-06-25
1115.0,Q872715442,13,482924,2024-08-02
1116.0,W336315175,23,2272285,2024-09-26
1117.0,T435687422,29,1117834,2024-12-27
1118.0,F696689292,25,428475,2024-06-19
1119.0,O797079941,25,1984775,2024-08-23
1120.0,M194680066,10,177680,2024-07-14
1121.0,K302758235,17,1558764,2024-12-10
1122.0,K499925090,19,1766487,2024-02-18
1123.0,T186807809,6,240450,2024-07-05
1124.0,B574722055,14,679224,2024-04-12
1125.0,T629832223,15,693345,2024-12-28
1126.0,Q872715442,1,37148,2024-05-20
1127.0,U124232076,27,1330101,2024-08-07
1128.0,F998633996,20,1881160,2024-12-06
1129.0,N101035737,11,719499,2024-07-17
1130.0,Q707393868,2,140114,2024-09-10
1131.0,I006383636,17,262769,2024-02-21
1132.0,U811815132,2,64810,2024-08-20
1133.0,H669884465,30,939240,2024-10-07
1134.0,Y145434488,13,543387,2024-04-05
1135.0,C661008057,25,1595725,2024-03-22
1136.0,D566525219,6,325596,2024-09-26
1137.0,K499925090,24,2231352,2024-06-16
1138.0,F457700505,25,574375,2024-01-28
1139.0,Y052029588,6,165168,2024-01-02
1140.0,X536101175,18,142416,2024-11-22
1141.0,G306245598,13,1207362,2024-06-08
1142.0,Y087442545,7,628950,2024-03-14
1143.0,Q707393868,1,70057,2024-08-02
1144.0,J239240302,13,1209039,2024-08-26
1145.0,V649487358,9,662454,2024-03-12
1146.0,W512602413,28,1922088,2024-08-13
1147.0,D035741442,7,634375,2024-12-09
1148.0,I342673109,11,789426,2024-12-16
1149.0,G328694289,3,153183,2024-04-09
1150.0,G822912920,7,499114,2024-01-18
1151.0,W648466726,4,372788,2024-03-11
1152.0,X963788906,8,658664,2024-04-10
1153.0,O002990821,4,360436,2024-01-06
1154.0,R549345070,3,82539,2024-04-28
1155.0,M848371534,7,393337,2024-07-11
1156.0,X841782720,21,1943235,2024-12-18
1157.0,K157947778,4,395692,2024-10-29
1158.0,Q172783216,15,418875,2024-10-19
1159.0,A659737920,14,261884,2024-04-18
1160.0,U480695741,16,575984,2024-07-22
1161.0,I031696937,5,222615,2024-03-14
1162.0,O126363356,10,135230,2024-04-23
1163.0,I902190783,23,2237877,2024-08-28
1164.0,R232083239,29,2205711,2024-10-30
1165.0,G245179103,6,21240,2024-11-28
1166.0,C166938989,4,272288,2024-11-05
1167.0,S255811793,14,174006,2024-12-10
1168.0,G821038534,20,1529400,2024-03-09
1169.0,T256482670,5,203335,2024-11-22
1170.0,Q112016639,30,936120,2024-01-21
1171.0,C498380988,26,1430832,2024-09-21
1172.0,R488380566,14,508788,2024-01-21
1173.0,H157917992,23,1857641,2024-11-04
1174.0,I742402077,4,311892,2024-02-05
1175.0,D825382288,24,1445472,2024-12-14
1176.0,E755360650,15,633420,2024-01-18
1177.0,Q955787248,16,526736,2024-09-03
1178.0,I902190783,16,1556784,2024-04-26
1179.0,L840061218,1,96169,2024-11-23
1180.0,E608115249,13,196716,2024-05-29
1181.0,V109431887,18,471510,2024-08-08
1182.0,B574722055,16,776256,2024-02-02
1183.0,A844092346,13,131638,2024-07-03
1184.0,B855115307,10,246690,2024-11-25
1185.0,W419312518,19,1164738,2024-03-29
1186.0,K727769927,14,181664,2024-12-15
1187.0,S717373067,15,437850,2024-01-11
1188.0,R599842961,13,522522,2024-12-27
1189.0,Z544596065,9,316269,2024-09-16
1190.0,L463133351,27,254799,2024-11-14
1191.0,E212325485,2,155896,2024-06-03
1192.0,D591026975,15,933420,2024-11-13
1193.0,G555470524,20,1024880,2024-11-06
1194.0,H594819058,29,2856123,2024-02-03
1195.0,C676921197,20,247020,2024-08-24
1196.0,Y944324666,3,268500,2024-06-25
1197.0,L625837335,1,4863,2024-06-26
1198.0,X131004086,17,1005992,2024-03-04
1199.0,C676921197,25,308775,2024-03-24
1200.0,Z488013552,20,635060,2024-01-15
1201.0,U711736928,21,1694847,2024-04-05
1202.0,A444700900,26,2514928,2024-01-26
1203.0,D035741442,16,1450000,2024-10-11
1204.0,U439819936,5,239510,2024-08-15
1205.0,Y784340727,11,130603,2024-12-08
1206.0,Z832300084,1,36661,2024-12-15
1207.0,R006393132,3,247911,2024-06-19
1208.0,V087840460,22,1904738,2024-11-08
1209.0,F335789993,27,1272105,2024-05-11
1210.0,O777554985,13,1089972,2024-12-25
1211.0,W036837189,20,108940,2024-12-25
1212.0,S590518220,29,344897,2024-01-17
1213.0,B045852184,16,1136560,2024-04-25
1214.0,L306953388,13,29536,2024-05-04
1215.0,A183314876,1,78920,2024-02-09
1216.0,E650113547,28,1336524,2024-03-07
1217.0,B053739247,3,119541,2024-10-19
1218.0,G940289043,20,1405240,2024-10-28
1219.0,M943487957,17,1649289,2024-07-03
1220.0,V178697294,13,234429,2024-02-15
1221.0,I006383636,5,77285,2024-04-10
1222.0,Q837297985,17,126514,2024-05-07
1223.0,P044144927,30,200370,2024-11-20
1224.0,K250056740,17,907800,2024-06-02
1225.0,D787383227,8,474544,2024-11-14
1226.0,Y269781051,14,1015224,2024-09-15
1227.0,S253336412,13,1274559,2024-01-13
1228.0,K302758235,24,2200608,2024-06-23
1229.0,C713131951,24,2026560,2024-09-22
1230.0,X536101175,6,47472,2024-04-29
1231.0,N343526889,20,837320,2024-03-11
1232.0,Z454157415,6,592266,2024-11-24
1233.0,T186807809,15,601125,2024-06-02
1234.0,E608115249,10,151320,2024-03-20
1235.0,K250056740,21,1121400,2024-06-07
1236.0,H180607953,25,1705975,2024-09-21
1237.0,S906740796,10,95890,2024-08-27
1238.0,O213847266,9,355986,2024-04-06
1239.0,G364907167,13,311805,2024-01-03
1240.0,W921745407,13,1216384,2024-04-28
1241.0,K585663062,17,721905,2024-09-29
1242.0,C484508960,18,476460,2024-06-10
1243.0,J643585567,24,1755984,2024-02-17
1244.0,H244899150,16,624624,2024-10-11
1245.0,V877337082,30,639120,2024-08-19
1246.0,Z545966983,6,382302,2024-02-04
1247.0,Q275599011,27,1655073,2024-05-21
1248.0,N147457289,11,612656,2024-04-13
1249.0,Q429923717,24,1594248,2024-02-24
1250.0,Z128252466,23,932627,2024-11-11
1251.0,S155909356,5,44860,2024-04-03
1252.0,I506707088,15,173730,2024-03-17
1253.0,V287532763,1,73934,2024-02-16
1254.0,W944536769,19,301587,2024-12-01
1255.0,Z637397883,11,975942,2024-04-08
1256.0,X281799635,7,250215,2024-11-08
1257.0,I042029649,16,1445280,2024-04-11
1258.0,W215461434,9,798489,2024-12-28
1259.0,Q186361741,4,205992,2024-10-22
1260.0,T653263418,9,419526,2024-03-09
1261.0,O502901405,12,421224,2024-08-27
1262.0,B547320719,27,498123,2024-02-14
1263.0,Y141924972,5,326440,2024-08-06
1264.0,V617712197,27,1613304,2024-08-29
1265.0,J714877994,3,130527,2024-05-09
1266.0,N041606838,15,587340,2024-08-21
1267.0,W349969931,9,236196,2024-08-21
1268.0,H669884465,8,250464,2024-08-02
1269.0,E660005754,1,18492,2024-02-05
1270.0,U990309396,10,648190,2024-07-29
1271.0,Q009275024,3,265614,2024-06-04
1272.0,W512602413,28,1922088,2024-03-25
1273.0,L485522619,25,1050950,2024-11-28
1274.0,C085082552,8,776776,2024-01-08
1275.0,L942555157,3,114261,2024-03-18
1276.0,K648253971,6,509268,2024-08-08
1277.0,H433423845,22,121418,2024-12-03
1278.0,R157835570,5,365745,2024-08-01
1279.0,W239757852,12,594588,2024-12-13
1280.0,S717373067,21,612990,2024-10-27
1281.0,Y182660926,2,124762,2024-04-30
1282.0,P049165263,20,574580,2024-06-24
1283.0,Q794367626,2,108712,2024-09-16
1284.0,F510555806,18,486918,2024-09-14
1285.0,Q112016639,2,62408,2024-06-21
1286.0,A352005209,9,359028,2024-08-18
1287.0,R685212970,20,111040,2024-03-23
1288.0,U828265421,7,569485,2024-04-30
1289.0,B045852184,17,1207595,2024-03-01
1290.0,B777474272,8,447976,2024-10-03
1291.0,Q112016639,23,717692,2024-10-21
1292.0,E608115249,7,105924,2024-04-26
1293.0,J643585567,6,438996,2024-04-23
1294.0,G821038534,27,2064690,2024-03-29
1295.0,L729285254,24,229512,2024-10-24
1296.0,E701115984,21,1577268,2024-09-23
1297.0,J463563068,13,599885,2024-11-25
1298.0,X422570317,24,1787736,2024-01-05
1299.0,C647821765,6,506100,2024-03-24
1300.0,D842722205,22,1207118,2024-02-06
1301.0,F998633996,9,846522,2024-02-04
1302.0,H508104329,6,72294,2024-04-03
1303.0,G306245598,4,371496,2024-12-23
1304.0,W038984427,26,2232594,2024-09-21
1305.0,V897288233,24,951384,2024-02-05
1306.0,Z544596065,14,491974,2024-10-25
1307.0,P829129866,7,689437,2024-09-09
1308.0,S336943901,3,115728,2024-06-15
1309.0,L424845602,15,586260,2024-02-08
1310.0,Y067158542,21,108801,2024-04-09
1311.0,F277009561,29,2378261,2024-02-03
1312.0,O254429620,11,306988,2024-12-05
1313.0,C081665282,1,99042,2024-09-12
1314.0,B546304353,5,165170,2024-07-02
1315.0,W900686286,5,240340,2024-07-13
1316.0,Y921904065,19,1708518,2024-02-25
1317.0,Q631063254,25,1797250,2024-06-02
1318.0,K956424091,18,459504,2024-06-04
1319.0,I820340673,23,277495,2024-06-16
1320.0,M425445185,4,198644,2024-02-07
1321.0,H433423845,28,154532,2024-09-07
1322.0,N335389271,19,1762345,2024-07-06
1323.0,R425867759,6,445608,2024-10-15
1324.0,K525466793,11,1093818,2024-03-10
1325.0,S027552319,14,640458,2024-07-05
1326.0,U550239598,12,945672,2024-10-01
1327.0,Y613538164,21,1344189,2024-07-04
1328.0,W512602413,19,1304274,2024-08-17
1329.0,T840592413,14,575596,2024-11-19
1330.0,Q753858224,21,1830507,2024-12-23
1331.0,G065805243,23,1095053,2024-06-10
1332.0,N330988361,29,173333,2024-11-09
1333.0,B053739247,13,518011,2024-04-04
1334.0,P592625225,13,973375,2024-08-28
1335.0,B633357219,2,198102,2024-11-21
1336.0,U741951707,17,1241935,2024-06-17
1337.0,O448665958,3,84888,2024-03-19
1338.0,U427773141,25,879775,2024-10-30
1339.0,L440506770,11,382591,2024-12-03
1340.0,U496952703,28,783384,2024-04-17
1341.0,S629510692,4,161592,2024-01-14
1342.0,C647821765,7,590450,2024-02-16
1343.0,U990860816,3,291399,2024-05-13
1344.0,O892921644,10,72460,2024-10-03
1345.0,M811372016,25,42375,2024-07-09
1346.0,G440036261,28,1792168,2024-09-16
1347.0,F167425315,2,35142,2024-01-02
1348.0,U711736928,17,1372019,2024-09-05
1349.0,J487303391,1,20022,2024-04-08
1350.0,T058595213,10,694510,2024-06-04
1351.0,W648466726,19,1770743,2024-04-06
1352.0,H867691070,5,146630,2024-09-03
1353.0,H126863580,7,249998,2024-07-07
1354.0,R897366680,17,551242,2024-02-26
1355.0,C501309417,2,64754,2024-06-15
1356.0,K984183351,12,759036,2024-06-08
1357.0,H125481266,23,226481,2024-07-21
1358.0,P702142151,10,778450,2024-07-03
1359.0,R897366680,24,778224,2024-06-06
1360.0,K355649848,19,1872963,2024-08-04
1361.0,Y097038117,22,623942,2024-09-08
1362.0,R997976567,8,474608,2024-10-25
1363.0,Q878145912,30,388920,2024-02-11
1364.0,F173852994,17,1632187,2024-02-26
1365.0,L527089852,16,1215728,2024-12-06
1366.0,L682245013,16,324448,2024-11-13
1367.0,F173852994,2,192022,2024-10-24
1368.0,Y944324666,30,2685000,2024-07-06
1369.0,G055573166,21,731430,2024-02-06
1370.0,G356830747,28,1929704,2024-06-23
1371.0,X478195768,26,1027026,2024-10-07
1372.0,V680613595,8,527496,2024-12-04
1373.0,P993704205,29,713603,2024-11-14
1374.0,E439425680,21,1948611,2024-06-19
1375.0,Q142940321,14,1203370,2024-10-13
1376.0,Y579409230,10,882550,2024-08-05
1377.0,N795332614,29,501468,2024-01-13
1378.0,Q864662250,14,1288882,2024-09-21
1379.0,R157835570,27,1975023,2024-10-18
1380.0,H867691070,25,733150,2024-07-30
1381.0,P635231862,21,1101849,2024-04-15
1382.0,U447532305,21,183771,2024-01-04
1383.0,W732933012,3,31557,2024-05-19
1384.0,U750243814,25,2204800,2024-12-11
1385.0,W512602413,9,617814,2024-04-10
1386.0,U793064742,15,1445670,2024-09-10
1387.0,J487303391,1,20022,2024-09-12
1388.0,E084008933,29,1745510,2024-12-16
1389.0,X131004086,12,710112,2024-05-06
1390.0,A503624634,8,162440,2024-07-13
1391.0,T070850555,15,1167795,2024-02-27
1392.0,U388651110,11,745943,2024-10-28
1393.0,K608630581,14,1231580,2024-08-08
1394.0,I031696937,25,1113075,2024-02-03
1395.0,W419312518,6,367812,2024-02-02
1396.0,V050397298,4,362760,2024-09-20
1397.0,W038984427,21,1803249,2024-06-21
1398.0,P569221521,3,160623,2024-12-02
1399.0,G661171237,24,854904,2024-04-08
1400.0,S337412274,16,473328,2024-06-23
1401.0,A825837067,15,1037940,2024-02-27
1402.0,K436483658,21,687078,2024-08-04
1403.0,T616019194,19,376694,2024-01-09
1404.0,G822912920,9,641718,2024-06-18
1405.0,C291173995,12,266304,2024-09-07
1406.0,C278445126,2,183352,2024-01-27
1407.0,R025095305,14,124110,2024-04-18
1408.0,C637282030,5,235415,2024-10-27
1409.0,L463133351,16,150992,2024-06-08
1410.0,R839463235,6,40182,2024-07-16
1411.0,X592842496,30,1124010,2024-08-20
1412.0,C809725832,17,1498040,2024-09-15
1413.0,I742402077,6,467838,2024-02-05
1414.0,X460676864,19,934781,2024-08-29
1415.0,C214564354,5,146150,2024-03-07
1416.0,A468883603,27,1381995,2024-11-08
1417.0,C270043103,25,2262425,2024-07-11
1418.0,R176415300,8,627936,2024-02-28
1419.0,X333735463,15,1009260,2024-05-07
1420.0,W215461434,18,1596978,2024-10-19
1421.0,W252106239,5,394295,2024-10-16
1422.0,B482485011,4,36552,2024-03-28
1423.0,F335789993,16,753840,2024-05-16
1424.0,K357603959,9,27153,2024-09-12
1425.0,H931881461,18,1442250,2024-04-25
1426.0,W851494912,6,301920,2024-09-02
1427.0,C501309417,4,129508,2024-06-16
1428.0,D064426196,30,1883400,2024-10-29
1429.0,Z117933754,29,466581,2024-11-11
1430.0,N909404119,6,281724,2024-05-30
1431.0,M354903096,15,151710,2024-12-29
1432.0,L479407622,14,338548,2024-06-04
1433.0,H411605976,3,230466,2024-04-06
1434.0,Q150056441,18,1110726,2024-04-22
1435.0,Q270674021,10,523910,2024-10-16
1436.0,W016325087,5,211885,2024-12-07
1437.0,I519074181,24,1309536,2024-07-15
1438.0,T395317199,29,228607,2024-09-02
1439.0,S993709882,14,757554,2024-04-21
1440.0,L479407622,13,314366,2024-12-23
1441.0,P044144927,14,93506,2024-12-04
1442.0,U987757248,6,459990,2024-01-11
1443.0,L132949567,17,808197,2024-05-21
1444.0,W280805842,29,1154577,2024-06-12
1445.0,S337412274,21,621243,2024-02-24
1446.0,N883254755,8,762064,2024-10-06
1447.0,O109792584,11,955020,2024-06-30
1448.0,M425445185,26,1291186,2024-03-16
1449.0,W483516717,3,185781,2024-01-10
1450.0,D104907146,21,349881,2024-12-13
1451.0,N335389271,15,1391325,2024-10-17
1452.0,U439819936,14,670628,2024-10-09
1453.0,P224250726,13,1130935,2024-12-08
1454.0,W239757852,16,792784,2024-07-30
1455.0,K964087101,20,1853160,2024-12-29
1456.0,Y579409230,15,1323825,2024-05-24
1457.0,N045002927,20,1721900,2024-09-03
1458.0,U496952703,4,111912,2024-11-13
1459.0,C214564354,5,146150,2024-06-22
1460.0,E660005754,11,203412,2024-12-26
1461.0,J717523165,19,1272088,2024-05-17
1462.0,E650661266,3,52719,2024-06-08
1463.0,H866453209,18,944982,2024-09-08
1464.0,Q892763697,10,181690,2024-04-04
1465.0,I476126759,25,2139175,2024-08-13
1466.0,X007877659,22,228646,2024-10-15
1467.0,W890859975,17,938910,2024-03-28
1468.0,D035741442,15,1359375,2024-12-29
1469.0,L452429983,28,921368,2024-05-19
1470.0,M765241315,29,1243868,2024-08-09
1471.0,N037783278,17,1481261,2024-02-24
1472.0,U411238876,14,288974,2024-05-26
1473.0,F032211073,9,217152,2024-09-02
1474.0,W966855150,23,1342257,2024-05-18
1475.0,O934751683,23,960457,2024-03-09
1476.0,G163009033,28,2078720,2024-07-22
1477.0,R344978972,22,2038608,2024-09-10
1478.0,N368048154,10,457160,2024-02-08
1479.0,N037783278,1,87133,2024-01-01
1480.0,M811372016,9,15255,2024-11-20
1481.0,I287499056,13,1116115,2024-08-06
1482.0,M349682280,18,1616238,2024-04-18
1483.0,J018264501,17,595714,2024-11-23
1484.0,F277009561,17,1394153,2024-08-01
1485.0,N903170547,12,711552,2024-10-17
1486.0,Z900456153,17,975783,2024-01-13
1487.0,G768792448,18,249120,2024-04-14
1488.0,V617712197,19,1135288,2024-06-25
1489.0,X281799635,1,35745,2024-12-13
1490.0,T256482670,11,447337,2024-01-21
1491.0,U388651110,22,1491886,2024-04-18
1492.0,C214564354,3,87690,2024-11-08
1493.0,U255290453,19,596695,2024-09-21
1494.0,Q872715442,6,222888,2024-10-23
1495.0,O517540077,23,625071,2024-12-23
1496.0,B059047199,24,1644768,2024-08-21
1497.0,K727769927,19,246544,2024-02-17
1498.0,Q794367626,28,1521968,2024-06-04
1499.0,U427773141,26,914966,2024-06-11
1500.0,D348188468,18,286110,2024-05-23
1501.0,P426838004,29,254301,2024-02-10
1502.0,J522521405,19,1553668,2024-10-11
1503.0,D591026975,16,995648,2024-10-14
1504.0,O646710947,6,187536,2024-12-13
1505.0,H669884465,14,438312,2024-08-23
1506.0,K967283819,9,187056,2024-11-30
1507.0,X111172529,10,336290,2024-10-16
1508.0,G836049523,6,362238,2024-02-05
1509.0,L841689506,6,84282,2024-05-17
1510.0,W481618149,22,461736,2024-05-16
1511.0,A504508671,24,1442664,2024-04-14
1512.0,W706567633,9,172035,2024-04-28
1513.0,O517540077,18,489186,2024-10-04
1514.0,J060439630,2,9302,2024-12-23
1515.0,C270043103,11,995467,2024-03-14
1516.0,E018566127,24,1275000,2024-03-01
1517.0,V873161162,19,579367,2024-03-18
1518.0,P846901913,9,716904,2024-01-29
1519.0,V345497468,21,1683213,2024-04-04
1520.0,D501648798,30,1590840,2024-12-09
1521.0,G628269505,10,429840,2024-10-10
1522.0,C647998314,12,1007220,2024-10-22
1523.0,M425445185,15,744915,2024-01-24
1524.0,G016433991,3,48945,2024-05-06
1525.0,L527089852,22,1671626,2024-11-25
1526.0,H866453209,21,1102479,2024-07-19
1527.0,W280805842,18,716634,2024-04-27
1528.0,P222000440,16,363120,2024-04-11
1529.0,L251746539,16,1223376,2024-07-13
1530.0,H867691070,13,381238,2024-11-03
1531.0,J877656098,5,446895,2024-07-14
1532.0,W038984427,28,2404332,2024-10-19
1533.0,Q172783216,14,390950,2024-02-03
1534.0,W483516717,7,433489,2024-10-11
1535.0,V109431887,2,52390,2024-04-25
1536.0,S668098910,12,221400,2024-10-02
1537.0,R145944006,3,4707,2024-05-19
1538.0,A327295656,14,1354374,2024-03-29
1539.0,X183085995,19,21451,2024-08-16
1540.0,K038228761,12,762984,2024-05-10
1541.0,P993704205,13,319891,2024-11-23
1542.0,G399765948,19,1775664,2024-09-30
1543.0,W239757852,14,693686,2024-01-10
1544.0,D035741442,14,1268750,2024-01-19
1545.0,A838680227,30,1256280,2024-06-22
1546.0,V178697294,5,90165,2024-07-03
1547.0,P641482926,5,268855,2024-01-19
1548.0,R776416412,4,336672,2024-11-07
1549.0,D591026975,12,746736,2024-01-04
1550.0,U811815132,25,810125,2024-05-20
1551.0,A940722549,3,228864,2024-04-10
1552.0,R344978972,13,1204632,2024-01-27
1553.0,O582777586,15,329910,2024-05-19
1554.0,R851582856,25,679325,2024-03-09
1555.0,D747181561,17,1460878,2024-01-16
1556.0,O706717498,26,429468,2024-04-18
1557.0,A844092346,7,70882,2024-05-09
1558.0,H905617007,8,612896,2024-12-12
1559.0,T941263140,29,1023207,2024-08-14
1560.0,D787383227,17,1008406,2024-10-23
1561.0,D035741442,2,181250,2024-08-03
1562.0,Q892763697,11,199859,2024-09-28
1563.0,S041543497,19,1716080,2024-10-14
1564.0,R324526142,18,959922,2024-02-07
1565.0,T338673690,8,23064,2024-06-14
1566.0,O213847266,29,1147066,2024-07-26
1567.0,Q864662250,10,920630,2024-01-26
1568.0,E033775266,26,2275364,2024-07-20
1569.0,C380984978,2,78874,2024-12-23
1570.0,G364907167,2,47970,2024-07-27
1571.0,E650661266,4,70292,2024-12-11
1572.0,N655665247,21,1308174,2024-04-04
1573.0,X723659441,7,632611,2024-11-06
1574.0,N948004508,12,983340,2024-08-09
1575.0,K302758235,12,1100304,2024-11-08
1576.0,H557805714,29,2138866,2024-07-14
1577.0,M059209480,15,1085595,2024-11-02
1578.0,H625764902,13,1252043,2024-02-09
1579.0,J877656098,12,1072548,2024-07-15
1580.0,F032211073,15,361920,2024-05-29
1581.0,T629832223,19,878237,2024-09-14
1582.0,B855115307,27,666063,2024-09-12
1583.0,S729006635,20,1458720,2024-08-25
1584.0,C498228694,29,721752,2024-02-29
1585.0,V873161162,22,670846,2024-10-06
1586.0,B198396987,30,1107810,2024-08-01
1587.0,A645377572,1,48949,2024-09-17
1588.0,R243342353,20,38680,2024-12-20
1589.0,S426674954,27,770607,2024-01-18
1590.0,S466601896,30,1361190,2024-01-30
1591.0,I858092019,16,1127632,2024-11-20
1592.0,B340451218,23,274965,2024-04-27
1593.0,T832737926,27,2286738,2024-01-06
1594.0,S802255447,2,50038,2024-02-28
1595.0,W648466726,26,2423122,2024-02-02
1596.0,Z190319137,9,815184,2024-12-16
1597.0,B254892285,27,2028294,2024-01-11
1598.0,H874491629,18,1257840,2024-01-05
1599.0,P335043999,25,947975,2024-05-03
1600.0,J018264501,23,805966,2024-04-28
1601.0,O684748006,29,1184244,2024-04-24
1602.0,D243680166,22,1871980,2024-01-28
1603.0,D747181561,16,1374944,2024-02-13
1604.0,S082335241,9,691992,2024-04-18
1605.0,C214564354,19,555370,2024-03-27
1606.0,C894196951,7,697697,2024-11-09
1607.0,D024709893,14,1296330,2024-03-08
1608.0,M943487957,9,873153,2024-10-13
1609.0,K410090627,24,552120,2024-02-04
1610.0,A243637392,10,226080,2024-02-11
1611.0,K984183351,4,253012,2024-05-26
1612.0,V680613595,27,1780299,2024-06-23
1613.0,D243680166,1,85090,2024-08-08
1614.0,Y182660926,2,124762,2024-01-23
1615.0,X547437075,15,33285,2024-05-20
1616.0,E084008933,11,662090,2024-12-30
1617.0,G016433991,29,473135,2024-02-29
1618.0,E650113547,2,95466,2024-11-20
1619.0,P461233551,17,734774,2024-09-01
1620.0,A659737920,14,261884,2024-09-07
1621.0,I031696937,4,178092,2024-11-22
1622.0,A444700900,10,967280,2024-04-12
1623.0,M367281019,5,11725,2024-05-23
1624.0,W352418999,18,559872,2024-03-01
1625.0,J643585567,3,219498,2024-06-28
1626.0,S027552319,1,45747,2024-07-10
1627.0,P897836561,10,719040,2024-05-10
1628.0,I966527332,4,300192,2024-01-21
1629.0,R308840841,6,476532,2024-05-29
1630.0,Y601963332,28,1507940,2024-06-12
1631.0,Q112016639,29,904916,2024-10-06
1632.0,V230132362,24,1243704,2024-12-17
1633.0,P008456631,28,331520,2024-10-19
1634.0,P335043999,27,1023813,2024-03-30
1635.0,W681083986,2,168248,2024-06-20
1636.0,Q837297985,12,89304,2024-05-03
1637.0,B777474272,13,727961,2024-10-12
1638.0,W702123429,2,94080,2024-05-22
1639.0,B289673893,12,625668,2024-05-19
1640.0,W706567633,24,458760,2024-08-22
1641.0,R232083239,9,684531,2024-11-15
1642.0,H571457057,25,1286825,2024-02-05
1643.0,U427773141,3,105573,2024-10-16
1644.0,H557805714,9,663786,2024-06-17
1645.0,P388460254,10,844030,2024-12-22
1646.0,C647998314,19,1594765,2024-09-19
1647.0,F987013276,6,177594,2024-12-14
1648.0,Q549170856,7,152782,2024-11-13
1649.0,L440506770,1,34781,2024-12-06
1650.0,C237831319,28,147448,2024-09-19
1651.0,H529868855,27,2575449,2024-06-14
1652.0,H214226296,17,1285217,2024-07-13
1653.0,D295292814,12,152784,2024-10-25
1654.0,U951547738,21,1256283,2024-06-06
1655.0,Q753858224,16,1394672,2024-05-29
1656.0,H618072743,10,287680,2024-03-14
1657.0,L708776341,8,162528,2024-11-13
1658.0,B514121037,21,2048907,2024-09-21
1659.0,F377737243,3,175506,2024-02-26
1660.0,O663336224,16,677648,2024-10-17
1661.0,J430982474,30,967230,2024-03-29
1662.0,A243637392,17,384336,2024-07-23
1663.0,C087693814,17,634066,2024-08-15
1664.0,C081665282,21,2079882,2024-02-15
1665.0,I966527332,24,1801152,2024-07-28
1666.0,H937158201,18,89712,2024-06-09
1667.0,E755360650,14,591192,2024-07-18
1668.0,Q864662250,8,736504,2024-08-20
1669.0,V798707875,30,543060,2024-11-10
1670.0,X592842496,7,262269,2024-05-16
1671.0,H361190830,25,1291975,2024-10-22
1672.0,N883254755,24,2286192,2024-03-13
1673.0,S013501024,3,6375,2024-01-14
1674.0,K941882496,2,59710,2024-08-03
1675.0,B276416584,6,294402,2024-11-06
1676.0,B697489945,6,197910,2024-01-30
1677.0,Y977661223,14,1069642,2024-11-09
1678.0,W976725699,8,556168,2024-10-23
1679.0,C214564354,8,233840,2024-10-17
1680.0,E962969762,9,439218,2024-02-01
1681.0,G440036261,27,1728162,2024-04-15
1682.0,B198396987,24,886248,2024-01-04
1683.0,H957734696,24,587328,2024-12-11
1684.0,P536025382,12,176988,2024-07-19
1685.0,D295292814,2,25464,2024-10-22
1686.0,T338673690,1,2883,2024-12-03
1687.0,Y531854286,30,2712180,2024-06-09
1688.0,S720565277,28,1770748,2024-09-01
1689.0,P024096291,4,93496,2024-08-21
1690.0,K727769927,30,389280,2024-03-01
1691.0,B970071055,30,2282880,2024-09-22
1692.0,F987013276,17,503183,2024-12-07
1693.0,A659737920,25,467650,2024-11-20
1694.0,Z283537233,19,212914,2024-11-27
1695.0,P592625225,23,1722125,2024-12-14
1696.0,Y296258282,21,1986600,2024-01-13
1697.0,W483516717,30,1857810,2024-03-08
1698.0,P391192927,12,843840,2024-08-22
1699.0,B095323082,15,371685,2024-05-03
1700.0,U750243814,10,881920,2024-05-08
1701.0,L424845602,21,820764,2024-08-17
1702.0,G373221450,24,649032,2024-11-04
1703.0,S027552319,5,228735,2024-01-29
1704.0,V013851683,10,748690,2024-05-19
1705.0,U112516740,12,849612,2024-01-15
1706.0,X841782720,3,277605,2024-09-23
1707.0,Z544596065,3,105423,2024-03-23
1708.0,Y269781051,24,1740384,2024-05-11
1709.0,M367281019,29,68005,2024-09-11
1710.0,H957734696,20,489440,2024-04-15
1711.0,V982691755,4,10540,2024-12-30
1712.0,H126863580,8,285712,2024-06-15
1713.0,J584027212,30,1423980,2024-04-11
1714.0,O126363356,17,229891,2024-11-19
1715.0,I042029649,21,1896930,2024-10-18
1716.0,U449146077,22,2063226,2024-08-25
1717.0,Z900456153,16,918384,2024-09-22
1718.0,C985836169,23,313306,2024-07-26
1719.0,Y492161934,10,466220,2024-06-08
1720.0,K098038286,19,123557,2024-10-04
1721.0,P494002797,29,2348623,2024-11-03
1722.0,S204785497,3,70284,2024-10-05
1723.0,T832737926,12,1016328,2024-03-16
1724.0,G356830747,12,827016,2024-07-04
1725.0,C647821765,27,2277450,2024-01-14
1726.0,I858092019,25,1761925,2024-07-12
1727.0,A503624634,2,40610,2024-09-25
1728.0,T186807809,2,80150,2024-02-28
1729.0,S426674954,18,513738,2024-06-12
1730.0,G263512451,12,967392,2024-01-02
1731.0,G362341523,9,104175,2024-01-24
1732.0,C670209583,13,921583,2024-11-25
1733.0,O934751683,2,83518,2024-01-02
1734.0,Z128252466,21,851529,2024-02-04
1735.0,Y636652899,27,1314954,2024-06-14
1736.0,A503624634,15,304575,2024-12-13
1737.0,A580579654,11,316448,2024-02-14
1738.0,N490876449,5,376560,2024-05-15
1739.0,H596256921,4,102492,2024-11-27
1740.0,E608115249,23,348036,2024-04-28
1741.0,L435805178,12,186948,2024-08-09
1742.0,C303397977,19,158327,2024-01-12
1743.0,T394178361,16,277600,2024-05-10
1744.0,W747843191,19,552824,2024-08-02
1745.0,B777474272,18,1007946,2024-12-27
1746.0,T395317199,19,149777,2024-04-19
1747.0,E455667323,16,576944,2024-03-13
1748.0,H508104329,10,120490,2024-07-28
1749.0,A204540573,29,2131065,2024-02-23
1750.0,M367281019,17,39865,2024-05-13
1751.0,V879895006,28,1714160,2024-05-29
1752.0,F480006937,8,660632,2024-06-05
1753.0,P926378923,1,66750,2024-07-07
1754.0,I287499056,4,343420,2024-11-01
1755.0,F173852994,7,672077,2024-10-26
1756.0,O903560195,8,445736,2024-04-05
1757.0,V474393583,25,719825,2024-11-11
1758.0,G142738053,7,407911,2024-04-25
1759.0,I856285533,25,2401000,2024-12-06
1760.0,X536101175,15,118680,2024-10-03
1761.0,N769705221,3,86739,2024-06-14
1762.0,B045852184,11,781385,2024-01-21
1763.0,X592842496,1,37467,2024-10-13
1764.0,W245969928,20,1213980,2024-05-07
1765.0,Q850678922,8,655632,2024-02-21
1766.0,C894196951,29,2890459,2024-09-17
1767.0,X331394143,17,426581,2024-01-02
1768.0,H220824678,9,732978,2024-02-07
1769.0,D035741442,21,1903125,2024-11-17
1770.0,G516987560,21,2084901,2024-08-28
1771.0,A723048111,14,470050,2024-08-26
1772.0,D526812125,15,74310,2024-05-22
1773.0,S864116125,28,702940,2024-07-08
1774.0,V798707875,24,434448,2024-11-08
1775.0,E286975003,12,732672,2024-09-22
1776.0,Y097038117,26,737386,2024-04-16
1777.0,T534927324,4,204852,2024-06-14
1778.0,O787758959,5,365925,2024-07-03
1779.0,X880159119,9,717561,2024-07-25
1780.0,C907353087,26,2516358,2024-01-05
1781.0,K250056740,2,106800,2024-10-05
1782.0,K335342868,6,382086,2024-09-16
1783.0,D636790778,9,262503,2024-06-12
1784.0,G065805243,28,1333108,2024-02-09
1785.0,C647821765,12,1012200,2024-05-14
1786.0,P926378923,9,600750,2024-12-05
1787.0,B783139563,20,1955100,2024-12-17
1788.0,F987013276,23,680777,2024-02-09
1789.0,C081665282,11,1089462,2024-03-03
1790.0,W851494912,20,1006400,2024-10-02
1791.0,N954067387,3,41394,2024-11-23
1792.0,Q979647062,6,138738,2024-03-12
1793.0,N551986542,16,1279520,2024-01-02
1794.0,C695876719,4,42184,2024-11-11
1795.0,L491814633,14,1149400,2024-01-22
1796.0,L424845602,27,1055268,2024-11-17
1797.0,R157835570,1,73149,2024-03-18
1798.0,U124232076,6,295578,2024-10-05
1799.0,C687774164,27,1831869,2024-06-29
1800.0,X880159119,30,2391870,2024-03-15
1801.0,K157947778,30,2967690,2024-02-26
1802.0,K436483658,28,916104,2024-02-01
1803.0,K525466793,23,2287074,2024-08-01
1804.0,P008456631,8,94720,2024-06-01
1805.0,E306830715,9,322803,2024-09-10
1806.0,T273879949,19,769386,2024-01-01
1807.0,J487303391,20,400440,2024-08-21
1808.0,J699515866,6,504996,2024-09-19
1809.0,T037773970,11,54791,2024-11-08
1810.0,G994569414,30,2779200,2024-03-18
1811.0,F704711829,21,1227765,2024-04-11
1812.0,W311612598,16,1132160,2024-10-23
1813.0,Y964414601,24,1161336,2024-12-15
1814.0,H850272407,10,509610,2024-02-11
1815.0,F294229612,11,651101,2024-11-15
1816.0,O284087669,25,1088350,2024-10-23
1817.0,P969062313,14,1262408,2024-08-17
1818.0,H571457057,14,720622,2024-06-25
1819.0,R535609618,20,331960,2024-01-18
1820.0,H341927508,14,441952,2024-12-14
1821.0,R999448986,28,463484,2024-04-02
1822.0,W536888744,6,180258,2024-12-14
1823.0,D747181561,9,773406,2024-09-12
1824.0,M454765384,15,1279800,2024-06-06
1825.0,H905617007,2,153224,2024-03-01
1826.0,Y269781051,13,942708,2024-08-12
1827.0,X804421918,28,717136,2024-06-07
1828.0,P500381193,17,242420,2024-10-01
1829.0,O106473515,1,18284,2024-07-27
1830.0,U388651110,16,1085008,2024-09-24
1831.0,C120654890,8,610696,2024-06-11
1832.0,O956865816,21,465360,2024-01-20
1833.0,D329619475,2,16656,2024-10-20
1834.0,N979782390,12,1006128,2024-02-10
1835.0,L178691740,6,364602,2024-10-20
1836.0,S027552319,16,731952,2024-01-10
1837.0,F313597919,3,266169,2024-09-13
1838.0,R243342353,4,7736,2024-03-28
1839.0,H866453209,11,577489,2024-01-30
1840.0,D825382288,22,1325016,2024-10-13
1841.0,H220824678,11,895862,2024-08-08
1842.0,E018566127,7,371875,2024-04-13
1843.0,V798707875,7,126714,2024-06-28
1844.0,P536025382,15,221235,2024-05-17
1845.0,P593405810,2,113732,2024-04-02
1846.0,P846901913,6,477936,2024-05-26
1847.0,P569221521,18,963738,2024-10-04
1848.0,V549103886,12,796872,2024-05-15
1849.0,V981564839,16,1582208,2024-01-27
1850.0,P511871292,24,1690344,2024-11-19
1851.0,I856285533,27,2593080,2024-03-05
1852.0,C985836169,27,367794,2024-04-11
1853.0,H557805714,14,1032556,2024-09-10
1854.0,Y067158542,24,124344,2024-09-20
1855.0,R025095305,12,106380,2024-10-02
1856.0,G661171237,21,748041,2024-11-13
1857.0,I742402077,29,2261217,2024-03-21
1858.0,I519074181,30,1636920,2024-02-21
1859.0,N019674271,1,19776,2024-06-16
1860.0,S707572184,16,1285200,2024-08-11
1861.0,P592625225,14,1048250,2024-10-22
1862.0,B926164119,26,2253316,2024-10-01
1863.0,N954067387,5,68990,2024-12-30
1864.0,Z190319137,8,724608,2024-05-04
1865.0,P793665209,15,1304235,2024-10-15
1866.0,Z545966983,13,828321,2024-12-05
1867.0,H125481266,3,29541,2024-08-03
1868.0,O458732744,3,205332,2024-08-15
1869.0,Y964414601,1,48389,2024-04-03
1870.0,G364907167,30,719550,2024-07-05
1871.0,D136469511,15,1410270,2024-06-20
1872.0,R999448986,24,397272,2024-03-29
1873.0,V879895006,19,1163180,2024-01-16
1874.0,N588786186,25,2089125,2024-08-20
1875.0,A503624634,1,20305,2024-06-19
1876.0,E599401013,30,2424000,2024-08-17
1877.0,U112516740,1,70801,2024-09-21
1878.0,L452429983,3,98718,2024-09-02
1879.0,K849117844,7,435498,2024-08-29
1880.0,B170298237,2,89918,2024-02-16
1881.0,O663336224,6,254118,2024-05-14
1882.0,X612165920,1,4406,2024-03-18
1883.0,P631422045,6,165678,2024-11-14
1884.0,M929043723,9,672426,2024-05-02
1885.0,J695996090,30,1750530,2024-08-12
1886.0,O582777586,15,329910,2024-03-29
1887.0,X333735463,19,1278396,2024-09-19
1888.0,S603369221,26,803452,2024-03-01
1889.0,L440506770,8,278248,2024-01-17
1890.0,Y579409230,29,2559395,2024-06-28
1891.0,P216361151,13,293813,2024-07-10
1892.0,X581279438,13,963365,2024-07-21
1893.0,S493682362,9,306909,2024-01-26
1894.0,Z488013552,21,666813,2024-05-08
1895.0,T956573261,4,217492,2024-10-11
1896.0,D064426196,18,1130040,2024-01-20
1897.0,P829129866,28,2757748,2024-08-26
1898.0,D566525219,28,1519448,2024-11-08
1899.0,P591207427,7,406126,2024-03-19
1900.0,S158738394,5,334605,2024-10-21
1901.0,N335389271,27,2504385,2024-01-24
1902.0,A452880887,25,327925,2024-01-08
1903.0,U288325031,17,1323433,2024-07-04
1904.0,U449146077,11,1031613,2024-08-30
1905.0,V879895006,12,734640,2024-10-22
1906.0,M107246804,27,522126,2024-12-17
1907.0,T256482670,3,122001,2024-06-22
1908.0,O271584345,9,867087,2024-01-06
1909.0,N795332614,10,172920,2024-05-15
1910.0,F377737243,6,351012,2024-06-26
1911.0,R308840841,16,1270752,2024-10-12
1912.0,K044004460,15,958980,2024-03-25
1913.0,B926164119,25,2166650,2024-09-29
1914.0,C501309417,29,938933,2024-09-11
1915.0,M194680066,13,230984,2024-02-26
1916.0,J119544197,4,342240,2024-02-06
1917.0,S082131198,7,691117,2024-12-15
1918.0,C270043103,7,633479,2024-03-22
1919.0,V145978884,16,239888,2024-03-25
1920.0,B405089269,18,1727280,2024-02-22
1921.0,H937158201,3,14952,2024-07-24
1922.0,Y067158542,8,41448,2024-07-21
1923.0,Z156770438,12,33396,2024-12-23
1924.0,V115176557,2,171010,2024-06-29
1925.0,M425445185,17,844237,2024-04-28
1926.0,L144390657,10,415310,2024-01-04
1927.0,P224250726,19,1652905,2024-04-15
1928.0,A382490538,4,267752,2024-04-09
1929.0,W426789524,14,599998,2024-07-25
1930.0,L178691740,5,303835,2024-08-26
1931.0,K499925090,6,557838,2024-05-23
1932.0,W963859315,16,1464208,2024-06-24
1933.0,B384903275,2,109542,2024-08-15
1934.0,C270043103,22,1990934,2024-07-14
1935.0,I031696937,26,1157598,2024-07-13
1936.0,M387720089,15,1465065,2024-07-08
1937.0,H905617007,22,1685464,2024-02-24
1938.0,R549345070,8,220104,2024-07-23
1939.0,I858092019,29,2043833,2024-06-23
1940.0,M529694219,26,1756508,2024-06-16
1941.0,S906740796,17,163013,2024-04-27
1942.0,Q878145912,24,311136,2024-09-30
1943.0,H433910994,5,400830,2024-01-20
1944.0,N954067387,6,82788,2024-08-18
1945.0,U811815132,24,777720,2024-03-16
1946.0,C661008057,7,446803,2024-03-17
1947.0,M926037407,10,310010,2024-09-03
1948.0,G324648022,25,1775025,2024-08-04
1949.0,H254115758,29,1626987,2024-04-29
1950.0,J560658148,16,602544,2024-01-29
1951.0,P024096291,16,373984,2024-09-22
1952.0,B484257659,26,730132,2024-11-07
1953.0,S158738394,29,1940709,2024-06-02
1954.0,V642001892,7,694771,2024-08-27
1955.0,Z454157415,10,987110,2024-08-19
1956.0,Q850678922,16,1311264,2024-06-24
1957.0,Z742478223,28,31444,2024-08-11
1958.0,F073599766,17,892177,2024-10-27
1959.0,O450804669,5,192950,2024-05-16
1960.0,P222000440,20,453900,2024-05-22
1961.0,V981564839,10,988880,2024-10-21
1962.0,W536888744,21,630903,2024-07-03
1963.0,P070368244,20,1937180,2024-01-06
1964.0,Q276883096,13,534235,2024-06-04
1965.0,Q707393868,30,2101710,2024-02-22
1966.0,O154986055,12,1130796,2024-06-14
1967.0,G123356987,7,248668,2024-05-21
1968.0,J714877994,28,1218252,2024-09-22
1969.0,F573128915,24,752328,2024-07-17
1970.0,S158738394,18,1204578,2024-09-07
1971.0,S864116125,22,552310,2024-12-20
1972.0,L349083906,13,84292,2024-06-30
1973.0,D747892885,30,2768700,2024-01-04
1974.0,G791421681,9,780264,2024-09-17
1975.0,W319274254,10,955250,2024-10-11
1976.0,A844092346,28,283528,2024-10-30
1977.0,V178697294,15,270495,2024-09-24
1978.0,U750243814,7,617344,2024-06-13
1979.0,K157947778,25,2473075,2024-11-25
1980.0,Q276883096,8,328760,2024-07-14
1981.0,P223050040,13,60996,2024-07-03
1982.0,O663336224,27,1143531,2024-03-28
1983.0,L297770115,8,12680,2024-07-16
1984.0,V287532763,1,73934,2024-08-10
1985.0,W775903896,22,334092,2024-12-24
1986.0,T856630757,1,4935,2024-07-14
1987.0,D104907146,3,49983,2024-09-27
1988.0,I977809955,8,382920,2024-03-02
1989.0,P179720257,30,2910690,2024-05-13
1990.0,P223050040,14,65688,2024-01-30
1991.0,Y692860867,9,684801,2024-06-07
1992.0,O482969425,26,1075178,2024-09-13
1993.0,H194276166,12,1186800,2024-07-23
1994.0,Y937472721,7,179774,2024-12-08
1995.0,J487303391,9,180198,2024-07-25
1996.0,L625837335,20,97260,2024-02-29
1997.0,Y052029588,29,798312,2024-05-19
1998.0,W245969928,23,1396077,2024-05-01
1999.0,N045002927,19,1635805,2024-08-26
2000.0,K038228761,12,762984,2024-05-23
2001.0,W426789524,22,942854,2024-06-20
2002.0,F084223066,2,57408,2024-03-26
2003.0,Y342036938,21,1771308,2024-06-18
2004.0,Z012094881,23,361629,2024-05-25
2005.0,K941882496,8,238840,2024-10-23
2006.0,S668098910,3,55350,2024-08-22
2007.0,E018566127,7,371875,2024-05-20
2008.0,Z488013552,13,412789,2024-12-23
2009.0,C122385066,28,2606100,2024-03-04
2010.0,O630529849,25,2497400,2024-09-17
2011.0,L682245013,29,588062,2024-05-30
2012.0,R776416412,26,2188368,2024-06-15
2013.0,G901807390,2,175832,2024-05-21
2014.0,J584027212,13,617058,2024-01-07
2015.0,I019914614,30,185640,2024-12-20
2016.0,Q009275024,18,1593684,2024-11-29
2017.0,P846901913,10,796560,2024-02-01
2018.0,A838680227,17,711892,2024-01-03
2019.0,A204540573,26,1910610,2024-09-01
2020.0,G679706104,5,172135,2024-03-04
2021.0,X754687395,12,1047336,2024-10-06
2022.0,C214564354,8,233840,2024-02-21
2023.0,C695876719,9,94914,2024-01-02
2024.0,V982691755,5,13175,2024-06-30
2025.0,K776229452,27,1640358,2024-03-14
2026.0,D027734551,8,787000,2024-09-25
2027.0,N147457289,5,278480,2024-07-20
2028.0,L792975340,9,177435,2024-04-22
2029.0,Q653675753,12,892692,2024-10-30
2030.0,E054956624,14,651728,2024-06-07
2031.0,O883081970,20,135920,2024-10-06